OPERADORA;COD_OPERADORA;TIPO_SERVICO;COD_SERVICO;EMPRESA;COD_EMPRESA;UF;COD_UF;CIDADE;COD_CIDADE;TIPO_RECURSO;COD_TIPO_RECURSO;VALOR_MENSAL
ALGAR CTBC;1;DADOS;1;SMARTSAVING;1;SC;18;PALHOCA;101;LINK DEDICADO;9;1350,01
ALGAR CTBC;1;DADOS;1;SMARTSAVING;2;BA;4;SALVADOR;121;LINK DEDICADO;9;382,78
ALGAR CTBC;1;DADOS;1;SMARTSAVING;2;BA;4;SALVADOR;121;LINK DEDICADO;9;384
ALGAR CTBC;1;DADOS;1;SMARTSAVING;2;BA;4;SALVADOR;121;LINK DEDICADO;9;574,16
ALGAR CTBC;1;DADOS;1;SMARTSAVING;2;BA;4;SALVADOR;121;LINK DEDICADO;9;576
ALGAR CTBC;1;DADOS;1;SMARTSAVING;2;CE;5;FORTALEZA;63;LINK DEDICADO;9;380
ALGAR CTBC;1;DADOS;1;SMARTSAVING;2;CE;5;FORTALEZA;63;LINK DEDICADO;9;569,99
ALGAR CTBC;1;DADOS;1;SMARTSAVING;2;PB;10;JOAO PESSOA;80;LINK DEDICADO;9;384
ALGAR CTBC;1;DADOS;1;SMARTSAVING;2;PB;10;JOAO PESSOA;80;LINK DEDICADO;9;576
ALGAR CTBC;1;DADOS;1;SMARTSAVING;2;PE;11;OLINDA;99;LINK DEDICADO;9;384
ALGAR CTBC;1;DADOS;1;SMARTSAVING;2;PE;11;OLINDA;99;LINK DEDICADO;9;576
ALGAR CTBC;1;DADOS;1;SMARTSAVING;2;PE;11;RECIFE;114;LINK DEDICADO;9;320
ALGAR CTBC;1;DADOS;1;SMARTSAVING;2;PE;11;RECIFE;114;LINK DEDICADO;9;480
ALGAR CTBC;1;DADOS;1;SMARTSAVING;2;PR;13;CURITIBA;56;LINK DEDICADO;9;384
ALGAR CTBC;1;DADOS;1;SMARTSAVING;2;PR;13;CURITIBA;56;LINK DEDICADO;9;576,01
ALGAR CTBC;1;DADOS;1;SMARTSAVING;2;PR;13;SAO JOSE DOS PINHAIS;135;LINK DEDICADO;9;384
ALGAR CTBC;1;DADOS;1;SMARTSAVING;2;PR;13;SAO JOSE DOS PINHAIS;135;LINK DEDICADO;9;576,01
ALGAR CTBC;1;DADOS;1;SMARTSAVING;2;SC;18;BALNEARIO CABORIU;28;LINK DEDICADO;9;261,9
ALGAR CTBC;1;DADOS;1;SMARTSAVING;2;SC;18;BALNEARIO CABORIU;28;LINK DEDICADO;9;384
ALGAR CTBC;1;DADOS;1;SMARTSAVING;2;SC;18;BALNEARIO CABORIU;28;LINK DEDICADO;9;392,85
ALGAR CTBC;1;DADOS;1;SMARTSAVING;2;SC;18;BALNEARIO CABORIU;28;LINK DEDICADO;9;576
ALGAR CTBC;1;DADOS;1;SMARTSAVING;2;SC;18;BLUMENAU;37;LINK DEDICADO;9;260
ALGAR CTBC;1;DADOS;1;SMARTSAVING;2;SC;18;BLUMENAU;37;LINK DEDICADO;9;384
ALGAR CTBC;1;DADOS;1;SMARTSAVING;2;SC;18;BLUMENAU;37;LINK DEDICADO;9;389,99
ALGAR CTBC;1;DADOS;1;SMARTSAVING;2;SC;18;BLUMENAU;37;LINK DEDICADO;9;576
ALGAR CTBC;1;DADOS;1;SMARTSAVING;2;SC;18;BRUSQUE;41;LINK DEDICADO;9;261,9
ALGAR CTBC;1;DADOS;1;SMARTSAVING;2;SC;18;BRUSQUE;41;LINK DEDICADO;9;392,85
ALGAR CTBC;1;DADOS;1;SMARTSAVING;2;SC;18;CHAPECO;52;LINK DEDICADO;9;284,9
ALGAR CTBC;1;DADOS;1;SMARTSAVING;2;SC;18;CHAPECO;52;LINK DEDICADO;9;427,35
ALGAR CTBC;1;DADOS;1;SMARTSAVING;2;SC;18;CRICIUMA;54;LINK DEDICADO;9;260
ALGAR CTBC;1;DADOS;1;SMARTSAVING;2;SC;18;CRICIUMA;54;LINK DEDICADO;9;390
ALGAR CTBC;1;DADOS;1;SMARTSAVING;2;SC;18;FLORIANOPOLIS;61;LINK DEDICADO;9;261,89
ALGAR CTBC;1;DADOS;1;SMARTSAVING;2;SC;18;FLORIANOPOLIS;61;LINK DEDICADO;9;384
ALGAR CTBC;1;DADOS;1;SMARTSAVING;2;SC;18;FLORIANOPOLIS;61;LINK DEDICADO;9;392,84
ALGAR CTBC;1;DADOS;1;SMARTSAVING;2;SC;18;FLORIANOPOLIS;61;LINK DEDICADO;9;576
ALGAR CTBC;1;DADOS;1;SMARTSAVING;2;SC;18;ITAJAI;74;LINK DEDICADO;9;384
ALGAR CTBC;1;DADOS;1;SMARTSAVING;2;SC;18;ITAJAI;74;LINK DEDICADO;9;576
ALGAR CTBC;1;DADOS;1;SMARTSAVING;2;SC;18;JARAGUA DO SUL;78;LINK DEDICADO;9;384
ALGAR CTBC;1;DADOS;1;SMARTSAVING;2;SC;18;JARAGUA DO SUL;78;LINK DEDICADO;9;576
ALGAR CTBC;1;DADOS;1;SMARTSAVING;2;SC;18;PALHOCA;101;LINK DEDICADO;9;384
ALGAR CTBC;1;DADOS;1;SMARTSAVING;2;SC;18;PALHOCA;101;LINK DEDICADO;9;576
ALGAR CTBC;1;DADOS;1;SMARTSAVING;2;SC;18;PORTO BELO;109;LINK DEDICADO;9;855,66
ALGAR CTBC;1;DADOS;1;SMARTSAVING;2;SC;18;PORTO BELO;109;LINK DEDICADO;9;1283,48
ALGAR CTBC;1;DADOS;1;SMARTSAVING;2;SC;18;SAO JOSE;133;LAN TO LAN;7;1650,01
ALGAR CTBC;1;DADOS;1;SMARTSAVING;2;SC;18;SAO JOSE;133;LINK DEDICADO;9;260
ALGAR CTBC;1;DADOS;1;SMARTSAVING;2;SC;18;SAO JOSE;133;LINK DEDICADO;9;384
ALGAR CTBC;1;DADOS;1;SMARTSAVING;2;SC;18;SAO JOSE;133;LINK DEDICADO;9;390
ALGAR CTBC;1;DADOS;1;SMARTSAVING;2;SC;18;SAO JOSE;133;LINK DEDICADO;9;576
ALGAR CTBC;1;DADOS;1;SMARTSAVING;2;SC;18;SAO JOSE;133;LINK DEDICADO;9;960,49
ALGAR CTBC;1;DADOS;1;SMARTSAVING;2;SC;18;SAO JOSE;133;LINK DEDICADO;9;2241,13
ALGAR CTBC;1;DADOS;1;SMARTSAVING;2;SC;18;TUBARAO;156;LINK DEDICADO;9;384
ALGAR CTBC;1;DADOS;1;SMARTSAVING;2;SC;18;TUBARAO;156;LINK DEDICADO;9;576
ALGAR CTBC;1;DDG;1;SMARTSAVING;1;SP;19;CAMPINAS;47;800;1;433,79
ALGAR CTBC;1;DDG;1;SMARTSAVING;1;SP;19;IBIUNA;69;800;1;100,01
ALGAR CTBC;1;DDG;1;SMARTSAVING;1;SP;19;SAO PAULO;140;800;1;140,17
ALGAR CTBC;1;DDG;1;SMARTSAVING;1;SP;19;TIRADENTES;153;800;1;2843,13
ALGAR CTBC;1;FIXO;1;SMARTSAVING;1;PR;13;ADRIANOPOLIS;4;DDR;3;2000
ALGAR CTBC;1;FIXO;1;SMARTSAVING;1;PR;13;ALMIRANTE TAMANDARE;9;DDR;3;2000
ALGAR CTBC;1;FIXO;1;SMARTSAVING;1;SC;18;BALNEARIO ARROIO DO SILVA;27;DDR;3;132,15
ALGAR CTBC;1;FIXO;1;SMARTSAVING;1;SC;18;BALNEARIO GAIVOTA;29;DDR;3;6607,52
ALGAR CTBC;1;FIXO;1;SMARTSAVING;1;SC;18;CAPIVARI DE BAIXO;50;DDR;3;6607,52
ALGAR CTBC;1;FIXO;1;SMARTSAVING;1;SC;18;MAJOR GERCINO;87;DDR;3;132,15
ALGAR CTBC;1;FIXO;1;SMARTSAVING;2;SC;18;AGUAS MORNAS;7;LINHA ANALOGICA;8;132,15
ALGAR CTBC;1;FIXO;1;SMARTSAVING;2;SC;18;BRACO DO NORTE;40;DDR;3;1400
ALGAR CTBC;1;FIXO;1;SMARTSAVING;2;SC;18;CRICIUMA;54;LINHA ANALOGICA;8;132,15
ALGAR CTBC;1;FIXO;1;SMARTSAVING;2;SC;18;MAJOR GERCINO;87;DDR;3;1400
AMAZONET;2;DADOS;1;SMARTSAVING;2;AM;3;MANAUS;88;LINK DEDICADO;9;240
AMAZONET;2;DADOS;1;SMARTSAVING;2;AM;3;MANAUS;88;LINK DEDICADO;9;360
AMERICA NET;3;DADOS;1;SMARTSAVING;2;BA;4;CAMBUCI;46;LINK DEDICADO;9;396
AMERICA NET;3;DADOS;1;SMARTSAVING;2;BA;4;CAMBUCI;46;LINK DEDICADO;9;594
BR DIGITAL;4;DADOS;1;SMARTSAVING;1;SC;18;PALHOCA;101;LAN TO LAN;7;1400
BR DIGITAL;4;DADOS;1;SMARTSAVING;1;SP;19;SANTANA PARNAIBA;125;LINK DEDICADO;9;2100
BRAVA INTERNET;5;DADOS;1;SMARTSAVING;2;MT;8;CACERES;43;LINK DEDICADO;9;119,2
BRAVA INTERNET;5;DADOS;1;SMARTSAVING;2;MT;8;CACERES;43;LINK DEDICADO;9;178,8
CONNECTRONIC;6;DADOS;1;SMARTSAVING;2;PA;9;ANANINDEUA;16;LINK DEDICADO;9;180
CONNECTRONIC;6;DADOS;1;SMARTSAVING;2;PA;9;ANANINDEUA;16;LINK DEDICADO;9;270
CONNECTRONIC;6;DADOS;1;SMARTSAVING;2;PI;12;TERESINA;150;LINK DEDICADO;9;352
CONNECTRONIC;6;DADOS;1;SMARTSAVING;2;PI;12;TERESINA;150;LINK DEDICADO;9;528
ELO MULTIMIDIA;7;DADOS;1;SMARTSAVING;2;MA;6;SAO JOAO DOS PATOS;132;LINK DEDICADO;9;512
ELO MULTIMIDIA;7;DADOS;1;SMARTSAVING;2;MA;6;SAO JOAO DOS PATOS;132;LINK DEDICADO;9;768
ELO MULTIMIDIA;7;DADOS;1;SMARTSAVING;2;MA;6;SAO LUIS;137;ADSL;2;87,96
ELO MULTIMIDIA;7;DADOS;1;SMARTSAVING;2;MA;6;SAO LUIS;137;ADSL;2;131,94
ELO MULTIMIDIA;7;DADOS;1;SMARTSAVING;2;RR;16;SAO LUIZ;138;ADSL;2;87,96
ELO MULTIMIDIA;7;DADOS;1;SMARTSAVING;2;RR;16;SAO LUIZ;138;ADSL;2;131,94
EMBRATEL;8;DADOS;1;SMARTSAVING;1;RJ;14;RIO DE JANEIRO;117;MPLS;11;1735,42
EMBRATEL;8;DADOS;1;SMARTSAVING;1;RJ;14;RIO DE JANEIRO;117;MPLS;11;1836,78
EMBRATEL;8;DADOS;1;SMARTSAVING;1;SC;18;PALHOCA;101;GERENCIA E SUPERVISAO DE REDE;4;5665,83
EMBRATEL;8;DADOS;1;SMARTSAVING;1;SP;19;BARUERI;33;MPLS;11;1790,96
EMBRATEL;8;DADOS;1;SMARTSAVING;1;SP;19;SAO PAULO;140;MPLS;11;1565,16
EMBRATEL;8;DADOS;1;SMARTSAVING;1;SP;19;SAO PAULO;140;MPLS;11;1705,9
EMBRATEL;8;DADOS;1;SMARTSAVING;1;SP;19;SAO PAULO;140;MPLS;11;1782,29
EMBRATEL;8;DADOS;1;SMARTSAVING;1;SP;19;SAO PAULO;140;MPLS;11;1790,96
EMBRATEL;8;DADOS;1;SMARTSAVING;1;SP;19;SAO PAULO;140;MPLS;11;4654,52
EMBRATEL;8;DADOS;1;SMARTSAVING;2;AC;1;RIO BRANCO;116;MPLS;11;478,17
EMBRATEL;8;DADOS;1;SMARTSAVING;2;AC;1;RIO BRANCO;116;MPLS;11;717,26
EMBRATEL;8;DADOS;1;SMARTSAVING;2;AM;3;MANAUS;88;MPLS;11;509,21
EMBRATEL;8;DADOS;1;SMARTSAVING;2;AM;3;MANAUS;88;MPLS;11;511,22
EMBRATEL;8;DADOS;1;SMARTSAVING;2;AM;3;MANAUS;88;MPLS;11;514,21
EMBRATEL;8;DADOS;1;SMARTSAVING;2;AM;3;MANAUS;88;MPLS;11;643,48
EMBRATEL;8;DADOS;1;SMARTSAVING;2;AM;3;MANAUS;88;MPLS;11;647,52
EMBRATEL;8;DADOS;1;SMARTSAVING;2;AM;3;MANAUS;88;MPLS;11;763,82
EMBRATEL;8;DADOS;1;SMARTSAVING;2;AM;3;MANAUS;88;MPLS;11;766,84
EMBRATEL;8;DADOS;1;SMARTSAVING;2;AM;3;MANAUS;88;MPLS;11;771,31
EMBRATEL;8;DADOS;1;SMARTSAVING;2;AM;3;MANAUS;88;MPLS;11;965,23
EMBRATEL;8;DADOS;1;SMARTSAVING;2;AM;3;MANAUS;88;MPLS;11;971,29
EMBRATEL;8;DADOS;1;SMARTSAVING;2;AM;3;MANAUS;88;MPLS;11;1285,53
EMBRATEL;8;DADOS;1;SMARTSAVING;2;AM;3;MANAUS;88;MPLS;11;1344,14
EMBRATEL;8;DADOS;1;SMARTSAVING;2;AM;3;MANAUS;88;MPLS;11;2016,22
EMBRATEL;8;DADOS;1;SMARTSAVING;2;BA;4;CAMBUCI;46;MPLS;11;505,63
EMBRATEL;8;DADOS;1;SMARTSAVING;2;BA;4;CAMBUCI;46;MPLS;11;758,44
EMBRATEL;8;DADOS;1;SMARTSAVING;2;BA;4;SALVADOR;121;MPLS;11;284,12
EMBRATEL;8;DADOS;1;SMARTSAVING;2;BA;4;SALVADOR;121;MPLS;11;426,19
EMBRATEL;8;DADOS;1;SMARTSAVING;2;MA;6;IMPERATRIZ;73;MPLS;11;191,88
EMBRATEL;8;DADOS;1;SMARTSAVING;2;MA;6;IMPERATRIZ;73;MPLS;11;287,82
EMBRATEL;8;DADOS;1;SMARTSAVING;2;MA;6;IMPERATRIZ;73;MPLS;11;311,73
EMBRATEL;8;DADOS;1;SMARTSAVING;2;MA;6;IMPERATRIZ;73;MPLS;11;467,59
EMBRATEL;8;DADOS;1;SMARTSAVING;2;MA;6;SAO JOAO DOS PATOS;132;MPLS;11;506,57
EMBRATEL;8;DADOS;1;SMARTSAVING;2;MA;6;SAO JOAO DOS PATOS;132;MPLS;11;759,86
EMBRATEL;8;DADOS;1;SMARTSAVING;2;MA;6;SAO LUIS;137;MPLS;11;798,48
EMBRATEL;8;DADOS;1;SMARTSAVING;2;MA;6;SAO LUIS;137;MPLS;11;1197,71
EMBRATEL;8;DADOS;1;SMARTSAVING;2;MS;7;CAMPO GRANDE;48;MPLS;11;506,57
EMBRATEL;8;DADOS;1;SMARTSAVING;2;MS;7;CAMPO GRANDE;48;MPLS;11;759,86
EMBRATEL;8;DADOS;1;SMARTSAVING;2;MS;7;DOURADOS;57;MPLS;11;506,57
EMBRATEL;8;DADOS;1;SMARTSAVING;2;MS;7;DOURADOS;57;MPLS;11;584,97
EMBRATEL;8;DADOS;1;SMARTSAVING;2;MS;7;DOURADOS;57;MPLS;11;759,86
EMBRATEL;8;DADOS;1;SMARTSAVING;2;MS;7;DOURADOS;57;MPLS;11;877,46
EMBRATEL;8;DADOS;1;SMARTSAVING;2;MT;8;CACERES;43;MPLS;11;530,19
EMBRATEL;8;DADOS;1;SMARTSAVING;2;MT;8;CACERES;43;MPLS;11;795,28
EMBRATEL;8;DADOS;1;SMARTSAVING;2;MT;8;CUIABA;55;MPLS;11;528,36
EMBRATEL;8;DADOS;1;SMARTSAVING;2;MT;8;CUIABA;55;MPLS;11;530,19
EMBRATEL;8;DADOS;1;SMARTSAVING;2;MT;8;CUIABA;55;MPLS;11;792,53
EMBRATEL;8;DADOS;1;SMARTSAVING;2;MT;8;CUIABA;55;MPLS;11;795,28
EMBRATEL;8;DADOS;1;SMARTSAVING;2;MT;8;RONDONDOPOLIS;119;MPLS;11;530,19
EMBRATEL;8;DADOS;1;SMARTSAVING;2;MT;8;RONDONDOPOLIS;119;MPLS;11;795,28
EMBRATEL;8;DADOS;1;SMARTSAVING;2;MT;8;SINOP;144;MPLS;11;200,82
EMBRATEL;8;DADOS;1;SMARTSAVING;2;MT;8;SINOP;144;MPLS;11;301,24
EMBRATEL;8;DADOS;1;SMARTSAVING;2;MT;8;SINOP;144;MPLS;11;329,34
EMBRATEL;8;DADOS;1;SMARTSAVING;2;MT;8;SINOP;144;MPLS;11;494
EMBRATEL;8;DADOS;1;SMARTSAVING;2;MT;8;SORRISO;147;MPLS;11;200,82
EMBRATEL;8;DADOS;1;SMARTSAVING;2;MT;8;SORRISO;147;MPLS;11;301,24
EMBRATEL;8;DADOS;1;SMARTSAVING;2;MT;8;SORRISO;147;MPLS;11;329,34
EMBRATEL;8;DADOS;1;SMARTSAVING;2;MT;8;SORRISO;147;MPLS;11;494
EMBRATEL;8;DADOS;1;SMARTSAVING;2;PA;9;BELEM;34;MPLS;11;194,77
EMBRATEL;8;DADOS;1;SMARTSAVING;2;PA;9;BELEM;34;MPLS;11;292,16
EMBRATEL;8;DADOS;1;SMARTSAVING;2;PA;9;BELEM;34;MPLS;11;319,41
EMBRATEL;8;DADOS;1;SMARTSAVING;2;PA;9;BELEM;34;MPLS;11;479,12
EMBRATEL;8;DADOS;1;SMARTSAVING;2;PA;9;BELEM;34;MPLS;11;511,22
EMBRATEL;8;DADOS;1;SMARTSAVING;2;PA;9;BELEM;34;MPLS;11;513,5
EMBRATEL;8;DADOS;1;SMARTSAVING;2;PA;9;BELEM;34;MPLS;11;514,21
EMBRATEL;8;DADOS;1;SMARTSAVING;2;PA;9;BELEM;34;MPLS;11;766,84
EMBRATEL;8;DADOS;1;SMARTSAVING;2;PA;9;BELEM;34;MPLS;11;770,24
EMBRATEL;8;DADOS;1;SMARTSAVING;2;PA;9;BELEM;34;MPLS;11;771,31
EMBRATEL;8;DADOS;1;SMARTSAVING;2;PA;9;BELEM;34;MPLS;11;810,51
EMBRATEL;8;DADOS;1;SMARTSAVING;2;PA;9;BELEM;34;MPLS;11;1215,76
EMBRATEL;8;DADOS;1;SMARTSAVING;2;PA;9;MARABA;89;MPLS;11;514,21
EMBRATEL;8;DADOS;1;SMARTSAVING;2;PA;9;MARABA;89;MPLS;11;771,31
EMBRATEL;8;DADOS;1;SMARTSAVING;2;PE;11;CABO DE SANTO AGOSTINHO;42;MPLS;11;1526,59
EMBRATEL;8;DADOS;1;SMARTSAVING;2;PE;11;RECIFE;114;MPLS;11;585,38
EMBRATEL;8;DADOS;1;SMARTSAVING;2;PE;11;RECIFE;114;MPLS;11;878,06
EMBRATEL;8;DADOS;1;SMARTSAVING;2;PI;12;TERESINA;150;MPLS;11;810,51
EMBRATEL;8;DADOS;1;SMARTSAVING;2;PI;12;TERESINA;150;MPLS;11;1215,76
EMBRATEL;8;DADOS;1;SMARTSAVING;2;PR;13;CURITIBA;56;MPLS;11;506,57
EMBRATEL;8;DADOS;1;SMARTSAVING;2;PR;13;CURITIBA;56;MPLS;11;759,86
EMBRATEL;8;DADOS;1;SMARTSAVING;2;PR;13;LONDRINA;86;MPLS;11;506,57
EMBRATEL;8;DADOS;1;SMARTSAVING;2;PR;13;LONDRINA;86;MPLS;11;759,86
EMBRATEL;8;DADOS;1;SMARTSAVING;2;PR;13;MARINGA;92;MPLS;11;191,88
EMBRATEL;8;DADOS;1;SMARTSAVING;2;PR;13;MARINGA;92;MPLS;11;287,82
EMBRATEL;8;DADOS;1;SMARTSAVING;2;PR;13;MARINGA;92;MPLS;11;314,67
EMBRATEL;8;DADOS;1;SMARTSAVING;2;PR;13;MARINGA;92;MPLS;11;472
EMBRATEL;8;DADOS;1;SMARTSAVING;2;PR;13;PONTA GROSSA;107;MPLS;11;506,57
EMBRATEL;8;DADOS;1;SMARTSAVING;2;PR;13;PONTA GROSSA;107;MPLS;11;759,86
EMBRATEL;8;DADOS;1;SMARTSAVING;2;PR;13;SAO JOSE DOS PINHAIS;135;MPLS;11;506,57
EMBRATEL;8;DADOS;1;SMARTSAVING;2;PR;13;SAO JOSE DOS PINHAIS;135;MPLS;11;759,86
EMBRATEL;8;DADOS;1;SMARTSAVING;2;RO;15;CACOAL;44;MPLS;11;491,96
EMBRATEL;8;DADOS;1;SMARTSAVING;2;RO;15;CACOAL;44;MPLS;11;737,95
EMBRATEL;8;DADOS;1;SMARTSAVING;2;RO;15;JI PARANA;79;MPLS;11;186,34
EMBRATEL;8;DADOS;1;SMARTSAVING;2;RO;15;JI PARANA;79;MPLS;11;279,52
EMBRATEL;8;DADOS;1;SMARTSAVING;2;RO;15;JI PARANA;79;MPLS;11;305,59
EMBRATEL;8;DADOS;1;SMARTSAVING;2;RO;15;JI PARANA;79;MPLS;11;458,39
EMBRATEL;8;DADOS;1;SMARTSAVING;2;RO;15;PORTO VELHO;111;MPLS;11;402,07
EMBRATEL;8;DADOS;1;SMARTSAVING;2;RO;15;PORTO VELHO;111;MPLS;11;491,96
EMBRATEL;8;DADOS;1;SMARTSAVING;2;RO;15;PORTO VELHO;111;MPLS;11;603,1
EMBRATEL;8;DADOS;1;SMARTSAVING;2;RO;15;PORTO VELHO;111;MPLS;11;737,95
EMBRATEL;8;DADOS;1;SMARTSAVING;2;RR;16;BOA VISTA;38;MPLS;11;643,33
EMBRATEL;8;DADOS;1;SMARTSAVING;2;RR;16;BOA VISTA;38;MPLS;11;964,99
EMBRATEL;8;DADOS;1;SMARTSAVING;2;RR;16;BOA VISTA;38;MPLS;11;1561,28
EMBRATEL;8;DADOS;1;SMARTSAVING;2;RR;16;BOA VISTA;38;MPLS;11;2341,91
EMBRATEL;8;DADOS;1;SMARTSAVING;2;RR;16;SAO LUIZ;138;MPLS;11;503,63
EMBRATEL;8;DADOS;1;SMARTSAVING;2;RR;16;SAO LUIZ;138;MPLS;11;755,45
EMBRATEL;8;DADOS;1;SMARTSAVING;2;RR;16;SAO LUIZ;138;MPLS;11;798,48
EMBRATEL;8;DADOS;1;SMARTSAVING;2;RR;16;SAO LUIZ;138;MPLS;11;1197,71
EMBRATEL;8;DADOS;1;SMARTSAVING;2;SC;18;BALNEARIO CABORIU;28;MPLS;11;137,44
EMBRATEL;8;DADOS;1;SMARTSAVING;2;SC;18;BALNEARIO CABORIU;28;MPLS;11;206,16
EMBRATEL;8;DADOS;1;SMARTSAVING;2;SC;18;BALNEARIO CABORIU;28;MPLS;11;340,72
EMBRATEL;8;DADOS;1;SMARTSAVING;2;SC;18;BALNEARIO CABORIU;28;MPLS;11;458,39
EMBRATEL;8;DADOS;1;SMARTSAVING;2;SC;18;BALNEARIO CABORIU;28;MPLS;11;511,08
EMBRATEL;8;DADOS;1;SMARTSAVING;2;SC;18;BALNEARIO CABORIU;28;MPLS;11;687,58
EMBRATEL;8;DADOS;1;SMARTSAVING;2;SC;18;BLUMENAU;37;MPLS;11;137,44
EMBRATEL;8;DADOS;1;SMARTSAVING;2;SC;18;BLUMENAU;37;MPLS;11;206,16
EMBRATEL;8;DADOS;1;SMARTSAVING;2;SC;18;CHAPECO;52;MPLS;11;478,17
EMBRATEL;8;DADOS;1;SMARTSAVING;2;SC;18;CHAPECO;52;MPLS;11;717,26
EMBRATEL;8;DADOS;1;SMARTSAVING;2;SC;18;CRICIUMA;54;MPLS;11;478,17
EMBRATEL;8;DADOS;1;SMARTSAVING;2;SC;18;CRICIUMA;54;MPLS;11;717,26
EMBRATEL;8;DADOS;1;SMARTSAVING;2;SC;18;FLORIANOPOLIS;61;MPLS;11;475,4
EMBRATEL;8;DADOS;1;SMARTSAVING;2;SC;18;FLORIANOPOLIS;61;MPLS;11;713,1
EMBRATEL;8;DADOS;1;SMARTSAVING;2;SC;18;SAO JOSE;133;MPLS;11;357,53
EMBRATEL;8;DADOS;1;SMARTSAVING;2;SC;18;SAO JOSE;133;MPLS;11;536,29
EMBRATEL;8;DADOS;1;SMARTSAVING;2;SP;19;SANTANA PARNAIBA;125;MPLS;11;7859,1
EMBRATEL;8;DADOS;1;SMARTSAVING;2;TO;20;PALMAS;102;MPLS;11;191,88
EMBRATEL;8;DADOS;1;SMARTSAVING;2;TO;20;PALMAS;102;MPLS;11;287,82
EMBRATEL;8;DADOS;1;SMARTSAVING;2;TO;20;PALMAS;102;MPLS;11;314,67
EMBRATEL;8;DADOS;1;SMARTSAVING;2;TO;20;PALMAS;102;MPLS;11;472
FIBRALINK;9;DADOS;1;SMARTSAVING;2;PA;9;MARABA;89;ADSL;2;76
FIBRALINK;9;DADOS;1;SMARTSAVING;2;PA;9;MARABA;89;ADSL;2;114
FIBRALINK;9;DADOS;1;SMARTSAVING;2;PA;9;MARABA;89;LINK DEDICADO;9;176
FIBRALINK;9;DADOS;1;SMARTSAVING;2;PA;9;MARABA;89;LINK DEDICADO;9;264
FIRELINK TELECOM;10;DADOS;1;SMARTSAVING;2;BA;4;SALVADOR;121;LINK DEDICADO;9;560
FIRELINK TELECOM;10;DADOS;1;SMARTSAVING;2;BA;4;SALVADOR;121;LINK DEDICADO;9;600
FIRELINK TELECOM;10;DADOS;1;SMARTSAVING;2;BA;4;SALVADOR;121;LINK DEDICADO;9;840
FIRELINK TELECOM;10;DADOS;1;SMARTSAVING;2;BA;4;SALVADOR;121;LINK DEDICADO;9;900
FIRELINK TELECOM;10;DADOS;1;SMARTSAVING;2;CE;5;FORTALEZA;63;LINK DEDICADO;9;302
FIRELINK TELECOM;10;DADOS;1;SMARTSAVING;2;CE;5;FORTALEZA;63;LINK DEDICADO;9;453
FIRELINK TELECOM;10;DADOS;1;SMARTSAVING;2;CE;5;MARACANAU;91;LINK DEDICADO;9;315
FIRELINK TELECOM;10;DADOS;1;SMARTSAVING;2;CE;5;MARACANAU;91;LINK DEDICADO;9;472,5
FIRELINK TELECOM;10;DADOS;1;SMARTSAVING;2;PB;10;JOAO PESSOA;80;LINK DEDICADO;9;520
FIRELINK TELECOM;10;DADOS;1;SMARTSAVING;2;PB;10;JOAO PESSOA;80;LINK DEDICADO;9;780
FIRELINK TELECOM;10;DADOS;1;SMARTSAVING;2;PE;11;CABO DE SANTO AGOSTINHO;42;LINK DEDICADO;9;540
FIRELINK TELECOM;10;DADOS;1;SMARTSAVING;2;PE;11;CABO DE SANTO AGOSTINHO;42;LINK DEDICADO;9;810
FIRELINK TELECOM;10;DADOS;1;SMARTSAVING;2;PE;11;CARUARU;51;LINK DEDICADO;9;280
FIRELINK TELECOM;10;DADOS;1;SMARTSAVING;2;PE;11;CARUARU;51;LINK DEDICADO;9;336
FIRELINK TELECOM;10;DADOS;1;SMARTSAVING;2;PE;11;CARUARU;51;LINK DEDICADO;9;420
FIRELINK TELECOM;10;DADOS;1;SMARTSAVING;2;PE;11;CARUARU;51;LINK DEDICADO;9;504
FIRELINK TELECOM;10;DADOS;1;SMARTSAVING;2;PE;11;OLINDA;99;LINK DEDICADO;9;480
FIRELINK TELECOM;10;DADOS;1;SMARTSAVING;2;PE;11;OLINDA;99;LINK DEDICADO;9;720
FIRELINK TELECOM;10;DADOS;1;SMARTSAVING;2;PE;11;RECIFE;114;LINK DEDICADO;9;480
FIRELINK TELECOM;10;DADOS;1;SMARTSAVING;2;PE;11;RECIFE;114;LINK DEDICADO;9;720
FIRELINK TELECOM;10;DADOS;1;SMARTSAVING;2;PI;12;TERESINA;150;LINK DEDICADO;9;620
FIRELINK TELECOM;10;DADOS;1;SMARTSAVING;2;PI;12;TERESINA;150;LINK DEDICADO;9;930
FIRELINK TELECOM;10;DADOS;1;SMARTSAVING;2;RO;15;PORTO VELHO;111;LINK DEDICADO;9;632
FIRELINK TELECOM;10;DADOS;1;SMARTSAVING;2;RO;15;PORTO VELHO;111;LINK DEDICADO;9;948
FIRELINK TELECOM;10;DADOS;1;SMARTSAVING;2;SC;18;BALNEARIO CABORIU;28;LINK DEDICADO;9;620
FIRELINK TELECOM;10;DADOS;1;SMARTSAVING;2;SC;18;BALNEARIO CABORIU;28;LINK DEDICADO;9;930
FORTEL - WIRELINK;11;DADOS;1;SMARTSAVING;2;CE;5;MARACANAU;91;LINK DEDICADO;9;240
FORTEL - WIRELINK;11;DADOS;1;SMARTSAVING;2;CE;5;MARACANAU;91;LINK DEDICADO;9;360
GLOBAL OSI;12;DADOS;1;SMARTSAVING;2;RR;16;BOA VISTA;38;LINK DEDICADO;9;215,75
GLOBAL OSI;12;DADOS;1;SMARTSAVING;2;RR;16;BOA VISTA;38;LINK DEDICADO;9;323,63
GLOBAL OSI;12;DADOS;1;SMARTSAVING;2;SC;18;BALNEARIO CABORIU;28;LINK DEDICADO;9;116,12
GLOBAL OSI;12;DADOS;1;SMARTSAVING;2;SC;18;BALNEARIO CABORIU;28;LINK DEDICADO;9;174,19
GLOBAL OSI;12;DADOS;1;SMARTSAVING;2;SC;18;PALHOCA;101;LINK DEDICADO;9;116,12
GLOBAL OSI;12;DADOS;1;SMARTSAVING;2;SC;18;PALHOCA;101;LINK DEDICADO;9;174,19
GLOBAL OSI;12;DADOS;1;SMARTSAVING;2;SC;18;SAO JOSE;133;LINK DEDICADO;9;126,12
GLOBAL OSI;12;DADOS;1;SMARTSAVING;2;SC;18;SAO JOSE;133;LINK DEDICADO;9;189,19
INFOBARRA;13;DADOS;1;SMARTSAVING;2;MT;8;BARRA DO GARCAS;30;LINK DEDICADO;9;119,6
INFOBARRA;13;DADOS;1;SMARTSAVING;2;MT;8;BARRA DO GARCAS;30;LINK DEDICADO;9;179,4
INFORMAC;14;DADOS;1;SMARTSAVING;2;SC;18;FLORIANOPOLIS;61;LINK DEDICADO;9;120
INFORMAC;14;DADOS;1;SMARTSAVING;2;SC;18;FLORIANOPOLIS;61;LINK DEDICADO;9;180
INFORMAC;14;DADOS;1;SMARTSAVING;2;SC;18;PALHOCA;101;LINK DEDICADO;9;120
INFORMAC;14;DADOS;1;SMARTSAVING;2;SC;18;PALHOCA;101;LINK DEDICADO;9;180
INFORMAC;14;DADOS;1;SMARTSAVING;2;SC;18;PALHOCA;101;LINK DEDICADO;9;750
INTERFACE NET;15;DADOS;1;SMARTSAVING;2;RO;15;VILHENA;161;LINK DEDICADO;9;800
INTERFACE NET;15;DADOS;1;SMARTSAVING;2;RO;15;VILHENA;161;LINK DEDICADO;9;1200
ITS BRASIL;17;DADOS;1;SMARTSAVING;2;BA;4;LAURO DE FREITAS;83;LINK DEDICADO;9;200
ITS BRASIL;17;DADOS;1;SMARTSAVING;2;BA;4;LAURO DE FREITAS;83;LINK DEDICADO;9;300
LIG16;18;DADOS;1;SMARTSAVING;2;RR;16;SAO LUIZ;138;LINK DEDICADO;9;224
LIG16;18;DADOS;1;SMARTSAVING;2;RR;16;SAO LUIZ;138;LINK DEDICADO;9;336
NEOREDE;20;DADOS;1;SMARTSAVING;2;SC;18;FLORIANOPOLIS;61;LINK DEDICADO;9;279,96
NEOREDE;20;DADOS;1;SMARTSAVING;2;SC;18;FLORIANOPOLIS;61;LINK DEDICADO;9;419,94
NETVIS;21;DADOS;1;SMARTSAVING;2;SC;18;BLUMENAU;37;LINK DEDICADO;9;190
NETVIS;21;DADOS;1;SMARTSAVING;2;SC;18;BLUMENAU;37;LINK DEDICADO;9;285
OI;22;DADOS;1;SMARTSAVING;1;MT;8;CUIABA;55;ROTEADOR;12;166,76
OI;22;DADOS;1;SMARTSAVING;1;MT;8;CUIABA;55;ROTEADOR;12;175,93
OI;22;DADOS;1;SMARTSAVING;1;RJ;14;RIO DE JANEIRO;117;MPLS;11;641,83
OI;22;DADOS;1;SMARTSAVING;1;SP;19;BARUERI;33;MPLS;11;570,57
OI;22;DADOS;1;SMARTSAVING;1;SP;19;SAO PAULO;140;MPLS;11;570,57
OI;22;DADOS;1;SMARTSAVING;2;AC;1;RIO BRANCO;116;LINK DEDICADO;9;190,89
OI;22;DADOS;1;SMARTSAVING;2;AC;1;RIO BRANCO;116;LINK DEDICADO;9;286,34
OI;22;DADOS;1;SMARTSAVING;2;AC;1;RIO BRANCO;116;LINK DEDICADO;9;449,68
OI;22;DADOS;1;SMARTSAVING;2;AC;1;RIO BRANCO;116;LINK DEDICADO;9;674,52
OI;22;DADOS;1;SMARTSAVING;2;AC;1;RIO BRANCO;116;ROTEADOR;12;66,69
OI;22;DADOS;1;SMARTSAVING;2;AC;1;RIO BRANCO;116;ROTEADOR;12;100,04
OI;22;DADOS;1;SMARTSAVING;2;AM;3;MANAUS;88;ADSL;2;42,28
OI;22;DADOS;1;SMARTSAVING;2;AM;3;MANAUS;88;ADSL;2;63,42
OI;22;DADOS;1;SMARTSAVING;2;AM;3;MANAUS;88;LINK DEDICADO;9;205,28
OI;22;DADOS;1;SMARTSAVING;2;AM;3;MANAUS;88;LINK DEDICADO;9;307,93
OI;22;DADOS;1;SMARTSAVING;2;AM;3;MANAUS;88;LINK DEDICADO;9;483,58
OI;22;DADOS;1;SMARTSAVING;2;AM;3;MANAUS;88;LINK DEDICADO;9;725,36
OI;22;DADOS;1;SMARTSAVING;2;AM;3;MANAUS;88;MPLS;11;245,44
OI;22;DADOS;1;SMARTSAVING;2;AM;3;MANAUS;88;MPLS;11;368,16
OI;22;DADOS;1;SMARTSAVING;2;AM;3;MANAUS;88;ROTEADOR;12;66,7
OI;22;DADOS;1;SMARTSAVING;2;AM;3;MANAUS;88;ROTEADOR;12;100,06
OI;22;DADOS;1;SMARTSAVING;2;MS;7;CAMPO GRANDE;48;LINK DEDICADO;9;154,82
OI;22;DADOS;1;SMARTSAVING;2;MS;7;CAMPO GRANDE;48;LINK DEDICADO;9;202,23
OI;22;DADOS;1;SMARTSAVING;2;MS;7;CAMPO GRANDE;48;LINK DEDICADO;9;232,22
OI;22;DADOS;1;SMARTSAVING;2;MS;7;CAMPO GRANDE;48;LINK DEDICADO;9;303,35
OI;22;DADOS;1;SMARTSAVING;2;MS;7;CAMPO GRANDE;48;LINK DEDICADO;9;364,68
OI;22;DADOS;1;SMARTSAVING;2;MS;7;CAMPO GRANDE;48;LINK DEDICADO;9;476,38
OI;22;DADOS;1;SMARTSAVING;2;MS;7;CAMPO GRANDE;48;LINK DEDICADO;9;547,03
OI;22;DADOS;1;SMARTSAVING;2;MS;7;CAMPO GRANDE;48;LINK DEDICADO;9;714,57
OI;22;DADOS;1;SMARTSAVING;2;MS;7;CAMPO GRANDE;48;MPLS;11;241,78
OI;22;DADOS;1;SMARTSAVING;2;MS;7;CAMPO GRANDE;48;MPLS;11;362,67
OI;22;DADOS;1;SMARTSAVING;2;MS;7;CAMPO GRANDE;48;ROTEADOR;12;66,69
OI;22;DADOS;1;SMARTSAVING;2;MS;7;CAMPO GRANDE;48;ROTEADOR;12;100,04
OI;22;DADOS;1;SMARTSAVING;2;MS;7;DOURADOS;57;LINK DEDICADO;9;154,82
OI;22;DADOS;1;SMARTSAVING;2;MS;7;DOURADOS;57;LINK DEDICADO;9;232,22
OI;22;DADOS;1;SMARTSAVING;2;MS;7;DOURADOS;57;LINK DEDICADO;9;364,68
OI;22;DADOS;1;SMARTSAVING;2;MS;7;DOURADOS;57;LINK DEDICADO;9;547,03
OI;22;DADOS;1;SMARTSAVING;2;MS;7;DOURADOS;57;ROTEADOR;12;66,69
OI;22;DADOS;1;SMARTSAVING;2;MS;7;DOURADOS;57;ROTEADOR;12;100,04
OI;22;DADOS;1;SMARTSAVING;2;MS;7;PONTA PORA;108;LINK DEDICADO;9;154,82
OI;22;DADOS;1;SMARTSAVING;2;MS;7;PONTA PORA;108;LINK DEDICADO;9;232,22
OI;22;DADOS;1;SMARTSAVING;2;MS;7;PONTA PORA;108;LINK DEDICADO;9;476,38
OI;22;DADOS;1;SMARTSAVING;2;MS;7;PONTA PORA;108;LINK DEDICADO;9;714,57
OI;22;DADOS;1;SMARTSAVING;2;MS;7;PONTA PORA;108;ROTEADOR;12;66,69
OI;22;DADOS;1;SMARTSAVING;2;MS;7;PONTA PORA;108;ROTEADOR;12;100,04
OI;22;DADOS;1;SMARTSAVING;2;MT;8;BARRA DO GARCAS;30;MPLS;11;253,05
OI;22;DADOS;1;SMARTSAVING;2;MT;8;BARRA DO GARCAS;30;MPLS;11;379,58
OI;22;DADOS;1;SMARTSAVING;2;MT;8;BARRA DO GARCAS;30;ROTEADOR;12;66,69
OI;22;DADOS;1;SMARTSAVING;2;MT;8;BARRA DO GARCAS;30;ROTEADOR;12;100,04
OI;22;DADOS;1;SMARTSAVING;2;MT;8;CUIABA;55;ADSL;2;13,85
OI;22;DADOS;1;SMARTSAVING;2;MT;8;CUIABA;55;ADSL;2;20,78
OI;22;DADOS;1;SMARTSAVING;2;MT;8;CUIABA;55;ROTEADOR;12;166,76
OI;22;DADOS;1;SMARTSAVING;2;MT;8;RONDONDOPOLIS;119;LINK DEDICADO;9;211,66
OI;22;DADOS;1;SMARTSAVING;2;MT;8;RONDONDOPOLIS;119;LINK DEDICADO;9;317,49
OI;22;DADOS;1;SMARTSAVING;2;MT;8;RONDONDOPOLIS;119;MPLS;11;498,6
OI;22;DADOS;1;SMARTSAVING;2;MT;8;RONDONDOPOLIS;119;MPLS;11;747,89
OI;22;DADOS;1;SMARTSAVING;2;MT;8;RONDONDOPOLIS;119;ROTEADOR;12;66,69
OI;22;DADOS;1;SMARTSAVING;2;MT;8;RONDONDOPOLIS;119;ROTEADOR;12;100,04
OI;22;DADOS;1;SMARTSAVING;2;MT;8;SORRISO;147;LINK DEDICADO;9;211,66
OI;22;DADOS;1;SMARTSAVING;2;MT;8;SORRISO;147;LINK DEDICADO;9;317,49
OI;22;DADOS;1;SMARTSAVING;2;MT;8;SORRISO;147;LINK DEDICADO;9;317,5
OI;22;DADOS;1;SMARTSAVING;2;MT;8;SORRISO;147;ROTEADOR;12;66,69
OI;22;DADOS;1;SMARTSAVING;2;MT;8;SORRISO;147;ROTEADOR;12;100,04
OI;22;DADOS;1;SMARTSAVING;2;MT;8;TANGARA DA SERRA;149;LINK DEDICADO;9;211,66
OI;22;DADOS;1;SMARTSAVING;2;MT;8;TANGARA DA SERRA;149;LINK DEDICADO;9;317,49
OI;22;DADOS;1;SMARTSAVING;2;MT;8;TANGARA DA SERRA;149;MPLS;11;253,05
OI;22;DADOS;1;SMARTSAVING;2;MT;8;TANGARA DA SERRA;149;MPLS;11;379,58
OI;22;DADOS;1;SMARTSAVING;2;MT;8;TANGARA DA SERRA;149;ROTEADOR;12;66,69
OI;22;DADOS;1;SMARTSAVING;2;MT;8;TANGARA DA SERRA;149;ROTEADOR;12;100,04
OI;22;DADOS;1;SMARTSAVING;2;MT;8;VARZEA GRANDE;160;LINK DEDICADO;9;211,66
OI;22;DADOS;1;SMARTSAVING;2;MT;8;VARZEA GRANDE;160;LINK DEDICADO;9;317,5
OI;22;DADOS;1;SMARTSAVING;2;MT;8;VARZEA GRANDE;160;ROTEADOR;12;66,69
OI;22;DADOS;1;SMARTSAVING;2;MT;8;VARZEA GRANDE;160;ROTEADOR;12;100,04
OI;22;DADOS;1;SMARTSAVING;2;PA;9;ANANINDEUA;16;MPLS;11;601,28
OI;22;DADOS;1;SMARTSAVING;2;PA;9;ANANINDEUA;16;MPLS;11;901,93
OI;22;DADOS;1;SMARTSAVING;2;PA;9;ANANINDEUA;16;ROTEADOR;12;66,7
OI;22;DADOS;1;SMARTSAVING;2;PA;9;ANANINDEUA;16;ROTEADOR;12;100,06
OI;22;DADOS;1;SMARTSAVING;2;PA;9;BELEM;34;LINK DEDICADO;9;205,28
OI;22;DADOS;1;SMARTSAVING;2;PA;9;BELEM;34;LINK DEDICADO;9;307,93
OI;22;DADOS;1;SMARTSAVING;2;PA;9;BELEM;34;LINK DEDICADO;9;483,58
OI;22;DADOS;1;SMARTSAVING;2;PA;9;BELEM;34;LINK DEDICADO;9;725,36
OI;22;DADOS;1;SMARTSAVING;2;PA;9;BELEM;34;ROTEADOR;12;66,7
OI;22;DADOS;1;SMARTSAVING;2;PA;9;BELEM;34;ROTEADOR;12;100,06
OI;22;DADOS;1;SMARTSAVING;2;PA;9;PARAUAPEBAS;103;MPLS;11;245,44
OI;22;DADOS;1;SMARTSAVING;2;PA;9;PARAUAPEBAS;103;MPLS;11;368,16
OI;22;DADOS;1;SMARTSAVING;2;PA;9;PARAUAPEBAS;103;ROTEADOR;12;66,7
OI;22;DADOS;1;SMARTSAVING;2;PA;9;PARAUAPEBAS;103;ROTEADOR;12;100,06
OI;22;DADOS;1;SMARTSAVING;2;PA;9;SANTAREM;126;MPLS;11;601,28
OI;22;DADOS;1;SMARTSAVING;2;PA;9;SANTAREM;126;MPLS;11;901,93
OI;22;DADOS;1;SMARTSAVING;2;PA;9;SANTAREM;126;ROTEADOR;12;66,7
OI;22;DADOS;1;SMARTSAVING;2;PA;9;SANTAREM;126;ROTEADOR;12;100,06
OI;22;DADOS;1;SMARTSAVING;2;PR;13;CURITIBA;56;LINK DEDICADO;9;476,38
OI;22;DADOS;1;SMARTSAVING;2;PR;13;CURITIBA;56;LINK DEDICADO;9;714,57
OI;22;DADOS;1;SMARTSAVING;2;PR;13;CURITIBA;56;ROTEADOR;12;66,69
OI;22;DADOS;1;SMARTSAVING;2;PR;13;CURITIBA;56;ROTEADOR;12;100,04
OI;22;DADOS;1;SMARTSAVING;2;PR;13;FOS DO IGUACU;64;MPLS;11;241,78
OI;22;DADOS;1;SMARTSAVING;2;PR;13;FOS DO IGUACU;64;MPLS;11;362,67
OI;22;DADOS;1;SMARTSAVING;2;PR;13;FOS DO IGUACU;64;ROTEADOR;12;66,69
OI;22;DADOS;1;SMARTSAVING;2;PR;13;FOS DO IGUACU;64;ROTEADOR;12;100,04
OI;22;DADOS;1;SMARTSAVING;2;PR;13;LONDRINA;86;LINK DEDICADO;9;364,68
OI;22;DADOS;1;SMARTSAVING;2;PR;13;LONDRINA;86;LINK DEDICADO;9;547,01
OI;22;DADOS;1;SMARTSAVING;2;PR;13;LONDRINA;86;ROTEADOR;12;51,06
OI;22;DADOS;1;SMARTSAVING;2;PR;13;LONDRINA;86;ROTEADOR;12;76,59
OI;22;DADOS;1;SMARTSAVING;2;PR;13;MARINGA;92;LINK DEDICADO;9;476,38
OI;22;DADOS;1;SMARTSAVING;2;PR;13;MARINGA;92;LINK DEDICADO;9;714,57
OI;22;DADOS;1;SMARTSAVING;2;PR;13;MARINGA;92;ROTEADOR;12;66,69
OI;22;DADOS;1;SMARTSAVING;2;PR;13;MARINGA;92;ROTEADOR;12;100,04
OI;22;DADOS;1;SMARTSAVING;2;PR;13;PONTA GROSSA;107;LINK DEDICADO;9;202,23
OI;22;DADOS;1;SMARTSAVING;2;PR;13;PONTA GROSSA;107;LINK DEDICADO;9;303,35
OI;22;DADOS;1;SMARTSAVING;2;PR;13;PONTA GROSSA;107;LINK DEDICADO;9;476,38
OI;22;DADOS;1;SMARTSAVING;2;PR;13;PONTA GROSSA;107;LINK DEDICADO;9;714,57
OI;22;DADOS;1;SMARTSAVING;2;PR;13;PONTA GROSSA;107;ROTEADOR;12;66,69
OI;22;DADOS;1;SMARTSAVING;2;PR;13;PONTA GROSSA;107;ROTEADOR;12;100,04
OI;22;DADOS;1;SMARTSAVING;2;PR;13;SAO JOSE DOS PINHAIS;135;LINK DEDICADO;9;476,38
OI;22;DADOS;1;SMARTSAVING;2;PR;13;SAO JOSE DOS PINHAIS;135;LINK DEDICADO;9;714,57
OI;22;DADOS;1;SMARTSAVING;2;PR;13;SAO JOSE DOS PINHAIS;135;ROTEADOR;12;66,69
OI;22;DADOS;1;SMARTSAVING;2;PR;13;SAO JOSE DOS PINHAIS;135;ROTEADOR;12;100,04
OI;22;DADOS;1;SMARTSAVING;2;RO;15;JI PARANA;79;LINK DEDICADO;9;449,68
OI;22;DADOS;1;SMARTSAVING;2;RO;15;JI PARANA;79;LINK DEDICADO;9;674,52
OI;22;DADOS;1;SMARTSAVING;2;RO;15;JI PARANA;79;ROTEADOR;12;66,69
OI;22;DADOS;1;SMARTSAVING;2;RO;15;JI PARANA;79;ROTEADOR;12;100,04
OI;22;DADOS;1;SMARTSAVING;2;RO;15;PORTO VELHO;111;LINK DEDICADO;9;190,9
OI;22;DADOS;1;SMARTSAVING;2;RO;15;PORTO VELHO;111;LINK DEDICADO;9;286,34
OI;22;DADOS;1;SMARTSAVING;2;RO;15;PORTO VELHO;111;LINK DEDICADO;9;449,68
OI;22;DADOS;1;SMARTSAVING;2;RO;15;PORTO VELHO;111;LINK DEDICADO;9;674,52
OI;22;DADOS;1;SMARTSAVING;2;RO;15;PORTO VELHO;111;ROTEADOR;12;66,69
OI;22;DADOS;1;SMARTSAVING;2;RO;15;PORTO VELHO;111;ROTEADOR;12;100,04
OI;22;DADOS;1;SMARTSAVING;2;RO;15;VILHENA;161;LINK DEDICADO;9;449,68
OI;22;DADOS;1;SMARTSAVING;2;RO;15;VILHENA;161;LINK DEDICADO;9;674,52
OI;22;DADOS;1;SMARTSAVING;2;RO;15;VILHENA;161;ROTEADOR;12;66,69
OI;22;DADOS;1;SMARTSAVING;2;RO;15;VILHENA;161;ROTEADOR;12;100,04
OI;22;DADOS;1;SMARTSAVING;2;RR;16;BOA VISTA;38;LINK DEDICADO;9;190,9
OI;22;DADOS;1;SMARTSAVING;2;RR;16;BOA VISTA;38;LINK DEDICADO;9;286,36
OI;22;DADOS;1;SMARTSAVING;2;RR;16;BOA VISTA;38;ROTEADOR;12;66,7
OI;22;DADOS;1;SMARTSAVING;2;RR;16;BOA VISTA;38;ROTEADOR;12;100,06
OI;22;DADOS;1;SMARTSAVING;2;SC;18;BLUMENAU;37;LINK DEDICADO;9;449,68
OI;22;DADOS;1;SMARTSAVING;2;SC;18;BLUMENAU;37;LINK DEDICADO;9;674,52
OI;22;DADOS;1;SMARTSAVING;2;SC;18;BLUMENAU;37;ROTEADOR;12;66,69
OI;22;DADOS;1;SMARTSAVING;2;SC;18;BLUMENAU;37;ROTEADOR;12;100,04
OI;22;DADOS;1;SMARTSAVING;2;SC;18;PALHOCA;101;MPLS;11;1181,92
OI;22;DADOS;1;SMARTSAVING;2;SC;18;TUBARAO;156;MPLS;11;228,22
OI;22;DADOS;1;SMARTSAVING;2;SC;18;TUBARAO;156;MPLS;11;342,33
OI;22;DADOS;1;SMARTSAVING;2;SC;18;TUBARAO;156;ROTEADOR;12;66,69
OI;22;DADOS;1;SMARTSAVING;2;SC;18;TUBARAO;156;ROTEADOR;12;100,04
OI;22;DADOS;1;SMARTSAVING;2;SP;19;SANTANA PARNAIBA;125;ROTEADOR;12;116,79
OI;22;DADOS;1;SMARTSAVING;2;SP;19;SAO PAULO;140;MPLS;11;1716,04
OI;22;DADOS;1;SMARTSAVING;2;TO;20;PALMAS;102;LINK DEDICADO;9;202,23
OI;22;DADOS;1;SMARTSAVING;2;TO;20;PALMAS;102;LINK DEDICADO;9;303,35
OI;22;DADOS;1;SMARTSAVING;2;TO;20;PALMAS;102;LINK DEDICADO;9;476,38
OI;22;DADOS;1;SMARTSAVING;2;TO;20;PALMAS;102;LINK DEDICADO;9;714,56
OI;22;DADOS;1;SMARTSAVING;2;TO;20;PALMAS;102;ROTEADOR;12;66,7
OI;22;DADOS;1;SMARTSAVING;2;TO;20;PALMAS;102;ROTEADOR;12;100,05
OI;22;FIXO;1;SMARTSAVING;2;AC;1;RIO BRANCO;116;LINHA ANALOGICA;8;30,23
OI;22;FIXO;1;SMARTSAVING;2;AC;1;RIO BRANCO;116;LINHA ANALOGICA;8;45,35
OI;22;FIXO;1;SMARTSAVING;2;AM;3;AUTAZES;26;LINHA ANALOGICA;8;37,02
OI;22;FIXO;1;SMARTSAVING;2;AM;3;AUTAZES;26;LINHA ANALOGICA;8;55,54
OI;22;FIXO;1;SMARTSAVING;2;AM;3;BARREIRINHA;32;LINHA ANALOGICA;8;92,56
OI;22;FIXO;1;SMARTSAVING;2;AM;3;MANAUS;88;LINHA ANALOGICA;8;37,02
OI;22;FIXO;1;SMARTSAVING;2;AM;3;MANAUS;88;LINHA ANALOGICA;8;55,54
OI;22;FIXO;1;SMARTSAVING;2;AM;3;MANAUS;88;LINHA ANALOGICA;8;92,56
OI;22;FIXO;1;SMARTSAVING;2;MS;7;AMAMBAI;15;LINHA ANALOGICA;8;27,78
OI;22;FIXO;1;SMARTSAVING;2;MS;7;AMAMBAI;15;LINHA ANALOGICA;8;28,84
OI;22;FIXO;1;SMARTSAVING;2;MS;7;AMAMBAI;15;LINHA ANALOGICA;8;41,66
OI;22;FIXO;1;SMARTSAVING;2;MS;7;AMAMBAI;15;LINHA ANALOGICA;8;43,26
OI;22;FIXO;1;SMARTSAVING;2;MT;8;ACORIZAL;3;LINHA ANALOGICA;8;3,08
OI;22;FIXO;1;SMARTSAVING;2;MT;8;ACORIZAL;3;LINHA ANALOGICA;8;4,63
OI;22;FIXO;1;SMARTSAVING;2;MT;8;ALTO PARAGUAI;13;LINHA ANALOGICA;8;7,4
OI;22;FIXO;1;SMARTSAVING;2;MT;8;ALTO PARAGUAI;13;LINHA ANALOGICA;8;11,11
ONCABO;23;DADOS;1;SMARTSAVING;2;MA;6;IMPERATRIZ;73;LINK DEDICADO;9;99,96
ONCABO;23;DADOS;1;SMARTSAVING;2;MA;6;IMPERATRIZ;73;LINK DEDICADO;9;149,94
PONTO TELECOM;24;DADOS;1;SMARTSAVING;2;PR;13;CURITIBA;56;ADSL;2;129,96
PONTO TELECOM;24;DADOS;1;SMARTSAVING;2;PR;13;CURITIBA;56;ADSL;2;194,94
PONTO TELECOM;24;DADOS;1;SMARTSAVING;2;PR;13;CURITIBA;56;LINK DEDICADO;9;358
PONTO TELECOM;24;DADOS;1;SMARTSAVING;2;PR;13;CURITIBA;56;LINK DEDICADO;9;537
PONTO TELECOM;24;DADOS;1;SMARTSAVING;2;PR;13;FOS DO IGUACU;64;GERENCIA E SUPERVISAO DE REDE;4;23,4
PONTO TELECOM;24;DADOS;1;SMARTSAVING;2;PR;13;FOS DO IGUACU;64;GERENCIA E SUPERVISAO DE REDE;4;35,1
PONTO TELECOM;24;DADOS;1;SMARTSAVING;2;PR;13;FOS DO IGUACU;64;GERENCIA E SUPERVISAO DE REDE;4;60
PONTO TELECOM;24;DADOS;1;SMARTSAVING;2;PR;13;FOS DO IGUACU;64;GERENCIA E SUPERVISAO DE REDE;4;90
PONTO TELECOM;24;DADOS;1;SMARTSAVING;2;PR;13;FOS DO IGUACU;64;LINK DEDICADO;9;219,56
PONTO TELECOM;24;DADOS;1;SMARTSAVING;2;PR;13;FOS DO IGUACU;64;LINK DEDICADO;9;329,34
PONTO TELECOM;24;DADOS;1;SMARTSAVING;2;SC;18;CHAPECO;52;GERENCIA E SUPERVISAO DE REDE;4;60
PONTO TELECOM;24;DADOS;1;SMARTSAVING;2;SC;18;CHAPECO;52;GERENCIA E SUPERVISAO DE REDE;4;90
PONTO TELECOM;24;DADOS;1;SMARTSAVING;2;SC;18;CHAPECO;52;LINK DEDICADO;9;452,65
PONTO TELECOM;24;DADOS;1;SMARTSAVING;2;SC;18;CHAPECO;52;LINK DEDICADO;9;678,98
PONTO TELECOM;24;DADOS;1;SMARTSAVING;2;SC;18;PORTO BELO;109;LINK DEDICADO;9;190
PONTO TELECOM;24;DADOS;1;SMARTSAVING;2;SC;18;PORTO BELO;109;LINK DEDICADO;9;285
PRONTO NET;25;DADOS;1;SMARTSAVING;2;PA;9;BELEM;34;LINK DEDICADO;9;400
PRONTO NET;25;DADOS;1;SMARTSAVING;2;PA;9;BELEM;34;LINK DEDICADO;9;600
PRONTO NET;25;DADOS;1;SMARTSAVING;2;PA;9;SANTAREM;126;LINK DEDICADO;9;400
PRONTO NET;25;DADOS;1;SMARTSAVING;2;PA;9;SANTAREM;126;LINK DEDICADO;9;600
SERCOMTEL;26;DADOS;1;SMARTSAVING;2;PR;13;LONDRINA;86;ADSL;2;64,56
SERCOMTEL;26;DADOS;1;SMARTSAVING;2;PR;13;LONDRINA;86;ADSL;2;70,39
SERCOMTEL;26;DADOS;1;SMARTSAVING;2;PR;13;LONDRINA;86;ADSL;2;96,83
SERCOMTEL;26;DADOS;1;SMARTSAVING;2;PR;13;LONDRINA;86;ADSL;2;105,58
SERCOMTEL;26;DADOS;1;SMARTSAVING;2;PR;13;LONDRINA;86;LINK DEDICADO;9;180,29
SERCOMTEL;26;DADOS;1;SMARTSAVING;2;PR;13;LONDRINA;86;LINK DEDICADO;9;270,43
SPEED TRAVEL;27;DADOS;1;SMARTSAVING;2;RO;15;CACOAL;44;ADSL;2;192
SPEED TRAVEL;27;DADOS;1;SMARTSAVING;2;RO;15;CACOAL;44;ADSL;2;287,99
SUSTENTA TELECOM;28;DADOS;1;SMARTSAVING;2;AM;3;MANAUS;88;GOLDEN JUMPER;5;120
SUSTENTA TELECOM;28;DADOS;1;SMARTSAVING;2;AM;3;MANAUS;88;GOLDEN JUMPER;5;180
SUSTENTA TELECOM;28;DADOS;1;SMARTSAVING;2;AM;3;MANAUS;88;LINK DEDICADO;9;590,44
SUSTENTA TELECOM;28;DADOS;1;SMARTSAVING;2;AM;3;MANAUS;88;LINK DEDICADO;9;885,66
TELETALK;29;DADOS;1;SMARTSAVING;2;BA;4;LAURO DE FREITAS;83;LINK DEDICADO;9;239,96
TELETALK;29;DADOS;1;SMARTSAVING;2;BA;4;LAURO DE FREITAS;83;LINK DEDICADO;9;359,94
TIM;30;DADOS;1;SMARTSAVING;2;AM;3;MANAUS;88;LINK DEDICADO;9;1590,02
TIM;30;MOVEL;1;SMARTSAVING;2;MT;8;ACORIZAL;3;SMARTPHONE;13;16,84
TIM;30;MOVEL;1;SMARTSAVING;2;MT;8;ACORIZAL;3;SMARTPHONE;13;35,15
TIM;30;MOVEL;1;SMARTSAVING;2;MT;8;AGUA BOA;5;SMARTPHONE;13;35,15
TIM;30;MOVEL;1;SMARTSAVING;2;MT;8;ALTA FLORESTA;10;SMARTPHONE;13;35,15
TIM;30;MOVEL;1;SMARTSAVING;2;MT;8;ALTA FLORESTA;10;SMARTPHONE;13;36,88
TIM;30;MOVEL;1;SMARTSAVING;2;MT;8;ALTO ARAGUAIA;11;SMARTPHONE;13;35,15
TIM;30;MOVEL;1;SMARTSAVING;2;MT;8;ALTO PARAGUAI;13;SMARTPHONE;13;35,15
TIM;30;MOVEL;1;SMARTSAVING;2;MT;8;ALTO PARAGUAI;13;SMARTPHONE;13;37,21
TIM;30;MOVEL;1;SMARTSAVING;2;MT;8;ALTO PARAGUAI;13;SMARTPHONE;13;52,84
TIM;30;MOVEL;1;SMARTSAVING;2;MT;8;ALTO PARAGUAI;13;SMARTPHONE;13;57,4
TIM;30;MOVEL;1;SMARTSAVING;2;MT;8;ARAPUTANGA;21;SMARTPHONE;13;18,72
TIM;30;MOVEL;1;SMARTSAVING;2;MT;8;ARAPUTANGA;21;SMARTPHONE;13;35,15
TIM;30;MOVEL;1;SMARTSAVING;2;MT;8;NOVA OLIMPIA;96;SMARTPHONE;13;17,57
TIM;30;MOVEL;1;SMARTSAVING;2;MT;8;NOVA OLIMPIA;96;SMARTPHONE;13;35,15
TIM;30;MOVEL;1;SMARTSAVING;2;MT;8;PORTO ESTRELA;110;SMARTPHONE;13;35,15
TIM;30;MOVEL;1;SMARTSAVING;2;MT;8;ROSARIO OESTE;120;SMARTPHONE;13;35,15
TIM;30;MOVEL;1;SMARTSAVING;2;MT;8;SANTA RITA DO TRIVELATO;122;SMARTPHONE;13;17,57
TIM;30;MOVEL;1;SMARTSAVING;2;PR;13;ABATIA;1;SMARTPHONE;13;35,15
TIM;30;MOVEL;1;SMARTSAVING;2;PR;13;ADRIANOPOLIS;4;SMARTPHONE;13;35,15
TIM;30;MOVEL;1;SMARTSAVING;2;PR;13;ADRIANOPOLIS;4;SMARTPHONE;13;44,1
TIM;30;MOVEL;1;SMARTSAVING;2;PR;13;ALMIRANTE TAMANDARE;9;SMARTPHONE;13;34,76
TIM;30;MOVEL;1;SMARTSAVING;2;PR;13;ALMIRANTE TAMANDARE;9;SMARTPHONE;13;35,15
TIM;30;MOVEL;1;SMARTSAVING;2;PR;13;ALMIRANTE TAMANDARE;9;SMARTPHONE;13;56,03
TIM;30;MOVEL;1;SMARTSAVING;2;PR;13;ALTONIA;14;SMARTPHONE;13;17,57
TIM;30;MOVEL;1;SMARTSAVING;2;PR;13;ALTONIA;14;SMARTPHONE;13;35,15
TIM;30;MOVEL;1;SMARTSAVING;2;PR;13;ANDIRA;17;SMARTPHONE;13;35,15
TIM;30;MOVEL;1;SMARTSAVING;2;PR;13;BOA VISTA DA APARECIDA;39;SMARTPHONE;13;35,15
TIM;30;MOVEL;1;SMARTSAVING;2;PR;13;CURITIBA;56;SMARTPHONE;13;35,15
TIM;30;MOVEL;1;SMARTSAVING;2;RS;17;ALTO FELIZ;12;SMARTPHONE;13;37,44
TIM;30;MOVEL;1;SMARTSAVING;2;SC;18;AGUAS MORNAS;7;SMARTPHONE;13;24,96
TIM;30;MOVEL;1;SMARTSAVING;2;SC;18;AGUAS MORNAS;7;SMARTPHONE;13;35,15
TIM;30;MOVEL;1;SMARTSAVING;2;SC;18;AGUAS MORNAS;7;SMARTPHONE;13;37,44
TIM;30;MOVEL;1;SMARTSAVING;2;SC;18;AGUAS MORNAS;7;SMARTPHONE;13;37,65
TIM;30;MOVEL;1;SMARTSAVING;2;SC;18;AGUAS MORNAS;7;SMARTPHONE;13;44,1
TIM;30;MOVEL;1;SMARTSAVING;2;SC;18;AGUAS MORNAS;7;SMARTPHONE;13;49,92
TIM;30;MOVEL;1;SMARTSAVING;2;SC;18;ALFREDO WAGNER;8;SMARTPHONE;13;44,1
TIM;30;MOVEL;1;SMARTSAVING;2;SC;18;ANGELINA;18;SMARTPHONE;13;41,94
TIM;30;MOVEL;1;SMARTSAVING;2;SC;18;ANGELINA;18;SMARTPHONE;13;73,22
TIM;30;MOVEL;1;SMARTSAVING;2;SC;18;ANITAPOLIS;19;SMARTPHONE;13;35,15
TIM;30;MOVEL;1;SMARTSAVING;2;SC;18;ANITAPOLIS;19;SMARTPHONE;13;57
TIM;30;MOVEL;1;SMARTSAVING;2;SC;18;ANTONIO CARLOS;20;SMARTPHONE;13;17,57
TIM;30;MOVEL;1;SMARTSAVING;2;SC;18;ANTONIO CARLOS;20;SMARTPHONE;13;44,73
TIM;30;MOVEL;1;SMARTSAVING;2;SC;18;ARARANGUA;22;SMARTPHONE;13;50,34
TIM;30;MOVEL;1;SMARTSAVING;2;SC;18;ATALANTA;24;SMARTPHONE;13;35,15
TIM;30;MOVEL;1;SMARTSAVING;2;SC;18;ATALANTA;24;SMARTPHONE;13;52,34
TIM;30;MOVEL;1;SMARTSAVING;2;SC;18;AURORA;25;SMARTPHONE;13;35,15
TIM;30;MOVEL;1;SMARTSAVING;2;SC;18;BALNEARIO ARROIO DO SILVA;27;SMARTPHONE;13;16,84
TIM;30;MOVEL;1;SMARTSAVING;2;SC;18;BALNEARIO ARROIO DO SILVA;27;SMARTPHONE;13;24,96
TIM;30;MOVEL;1;SMARTSAVING;2;SC;18;BALNEARIO ARROIO DO SILVA;27;SMARTPHONE;13;28,99
TIM;30;MOVEL;1;SMARTSAVING;2;SC;18;BALNEARIO ARROIO DO SILVA;27;SMARTPHONE;13;35,15
TIM;30;MOVEL;1;SMARTSAVING;2;SC;18;BALNEARIO ARROIO DO SILVA;27;SMARTPHONE;13;35,55
TIM;30;MOVEL;1;SMARTSAVING;2;SC;18;BALNEARIO ARROIO DO SILVA;27;SMARTPHONE;13;57
TIM;30;MOVEL;1;SMARTSAVING;2;SC;18;BALNEARIO ARROIO DO SILVA;27;SMARTPHONE;13;74,05
TIM;30;MOVEL;1;SMARTSAVING;2;SC;18;BALNEARIO GAIVOTA;29;SMARTPHONE;13;24,96
TIM;30;MOVEL;1;SMARTSAVING;2;SC;18;BALNEARIO GAIVOTA;29;SMARTPHONE;13;35,15
TIM;30;MOVEL;1;SMARTSAVING;2;SC;18;BALNEARIO GAIVOTA;29;SMARTPHONE;13;44,1
TIM;30;MOVEL;1;SMARTSAVING;2;SC;18;BARRA VELHA;31;SMARTPHONE;13;35,15
TIM;30;MOVEL;1;SMARTSAVING;2;SC;18;BENEDITO NOVO;35;SMARTPHONE;13;35,44
TIM;30;MOVEL;1;SMARTSAVING;2;SC;18;BENEDITO NOVO;35;SMARTPHONE;13;37,44
TIM;30;MOVEL;1;SMARTSAVING;2;SC;18;BENEDITO NOVO;35;SMARTPHONE;13;52,34
TIM;30;MOVEL;1;SMARTSAVING;2;SC;18;BENEDITO NOVO;35;SMARTPHONE;13;57,26
TIM;30;MOVEL;1;SMARTSAVING;2;SC;18;BIGUACU;36;SMARTPHONE;13;37,44
TIM;30;MOVEL;1;SMARTSAVING;2;SC;18;BRACO DO NORTE;40;SMARTPHONE;13;17,57
TIM;30;MOVEL;1;SMARTSAVING;2;SC;18;BRACO DO NORTE;40;SMARTPHONE;13;22,33
TIM;30;MOVEL;1;SMARTSAVING;2;SC;18;BRACO DO NORTE;40;SMARTPHONE;13;35,15
TIM;30;MOVEL;1;SMARTSAVING;2;SC;18;BRACO DO NORTE;40;SMARTPHONE;13;37,44
TIM;30;MOVEL;1;SMARTSAVING;2;SC;18;BRACO DO NORTE;40;SMARTPHONE;13;44,1
TIM;30;MOVEL;1;SMARTSAVING;2;SC;18;BRACO DO NORTE;40;SMARTPHONE;13;73,22
TIM;30;MOVEL;1;SMARTSAVING;2;SC;18;CAIBI;45;SMARTPHONE;13;35,15
TIM;30;MOVEL;1;SMARTSAVING;2;SC;18;CANELINHA;49;IPAD;6;49,92
TIM;30;MOVEL;1;SMARTSAVING;2;SC;18;CANELINHA;49;SMARTPHONE;13;91,53
TIM;30;MOVEL;1;SMARTSAVING;2;SC;18;CAPIVARI DE BAIXO;50;SMARTPHONE;13;35,15
TIM;30;MOVEL;1;SMARTSAVING;2;SC;18;COCAL DO SUL;53;SMARTPHONE;13;37,44
TIM;30;MOVEL;1;SMARTSAVING;2;SC;18;COCAL DO SUL;53;SMARTPHONE;13;44,1
TIM;30;MOVEL;1;SMARTSAVING;2;SC;18;CRICIUMA;54;SMARTPHONE;13;35,15
TIM;30;MOVEL;1;SMARTSAVING;2;SC;18;CRICIUMA;54;SMARTPHONE;13;37,44
TIM;30;MOVEL;1;SMARTSAVING;2;SC;18;CRICIUMA;54;SMARTPHONE;13;57
TIM;30;MOVEL;1;SMARTSAVING;2;SC;18;ERMO;60;SMARTPHONE;13;35,28
TIM;30;MOVEL;1;SMARTSAVING;2;SC;18;ERMO;60;SMARTPHONE;13;44,1
TIM;30;MOVEL;1;SMARTSAVING;2;SC;18;FLORIANOPOLIS;61;SMARTPHONE;13;35,15
TIM;30;MOVEL;1;SMARTSAVING;2;SC;18;FLORIANOPOLIS;61;SMARTPHONE;13;44,1
TIM;30;MOVEL;1;SMARTSAVING;2;SC;18;FORQUILHINHA;62;SMARTPHONE;13;35,15
TIM;30;MOVEL;1;SMARTSAVING;2;SC;18;GAROPABA;65;SMARTPHONE;13;35,15
TIM;30;MOVEL;1;SMARTSAVING;2;SC;18;GOVERNADOR CELSO RAMOS;66;SMARTPHONE;13;24,96
TIM;30;MOVEL;1;SMARTSAVING;2;SC;18;GRAVATAL;67;SMARTPHONE;13;29,79
TIM;30;MOVEL;1;SMARTSAVING;2;SC;18;GRAVATAL;67;SMARTPHONE;13;35,15
TIM;30;MOVEL;1;SMARTSAVING;2;SC;18;ICARA;70;SMARTPHONE;13;24,96
TIM;30;MOVEL;1;SMARTSAVING;2;SC;18;ICARA;70;SMARTPHONE;13;35,15
TIM;30;MOVEL;1;SMARTSAVING;2;SC;18;ICARA;70;SMARTPHONE;13;44,1
TIM;30;MOVEL;1;SMARTSAVING;2;SC;18;IMBITUBA;72;SMARTPHONE;13;37,44
TIM;30;MOVEL;1;SMARTSAVING;2;SC;18;IMBITUBA;72;SMARTPHONE;13;64,49
TIM;30;MOVEL;1;SMARTSAVING;2;SC;18;JAGUARUNA;77;SMARTPHONE;13;37,44
TIM;30;MOVEL;1;SMARTSAVING;2;SC;18;LAGES;81;SMARTPHONE;13;23,2
TIM;30;MOVEL;1;SMARTSAVING;2;SC;18;LAGES;81;SMARTPHONE;13;78,81
TIM;30;MOVEL;1;SMARTSAVING;2;SC;18;LAGUNA;82;MODEM 3G/4G;10;49,92
TIM;30;MOVEL;1;SMARTSAVING;2;SC;18;LAURO MULLER;84;MODEM 3G/4G;10;49,92
TIM;30;MOVEL;1;SMARTSAVING;2;SC;18;LAURO MULLER;84;SMARTPHONE;13;35,15
TIM;30;MOVEL;1;SMARTSAVING;2;SC;18;LEOBERTO LEAL;85;MODEM 3G/4G;10;24,96
TIM;30;MOVEL;1;SMARTSAVING;2;SC;18;LEOBERTO LEAL;85;SMARTPHONE;13;18,72
TIM;30;MOVEL;1;SMARTSAVING;2;SC;18;LEOBERTO LEAL;85;SMARTPHONE;13;35,15
TIM;30;MOVEL;1;SMARTSAVING;2;SC;18;LEOBERTO LEAL;85;SMARTPHONE;13;36,61
TIM;30;MOVEL;1;SMARTSAVING;2;SC;18;LEOBERTO LEAL;85;SMARTPHONE;13;37,44
TIM;30;MOVEL;1;SMARTSAVING;2;SC;18;LEOBERTO LEAL;85;SMARTPHONE;13;44,1
TIM;30;MOVEL;1;SMARTSAVING;2;SC;18;LEOBERTO LEAL;85;SMARTPHONE;13;44,23
TIM;30;MOVEL;1;SMARTSAVING;2;SC;18;LEOBERTO LEAL;85;SMARTPHONE;13;44,63
TIM;30;MOVEL;1;SMARTSAVING;2;SC;18;LEOBERTO LEAL;85;SMARTPHONE;13;44,97
TIM;30;MOVEL;1;SMARTSAVING;2;SC;18;LEOBERTO LEAL;85;SMARTPHONE;13;49,92
TIM;30;MOVEL;1;SMARTSAVING;2;SC;18;LEOBERTO LEAL;85;SMARTPHONE;13;66,6
TIM;30;MOVEL;1;SMARTSAVING;2;SC;18;MAJOR GERCINO;87;IPAD;6;24,96
TIM;30;MOVEL;1;SMARTSAVING;2;SC;18;MAJOR GERCINO;87;SMARTPHONE;13;31,7
TIM;30;MOVEL;1;SMARTSAVING;2;SC;18;MAJOR GERCINO;87;SMARTPHONE;13;35,15
TIM;30;MOVEL;1;SMARTSAVING;2;SC;18;MAJOR GERCINO;87;SMARTPHONE;13;37,44
TIM;30;MOVEL;1;SMARTSAVING;2;SC;18;MAJOR GERCINO;87;SMARTPHONE;13;44,1
TIM;30;MOVEL;1;SMARTSAVING;2;SC;18;MAJOR GERCINO;87;SMARTPHONE;13;44,9
TIM;30;MOVEL;1;SMARTSAVING;2;SC;18;MAJOR GERCINO;87;SMARTPHONE;13;49,92
TIM;30;MOVEL;1;SMARTSAVING;2;SC;18;MAJOR GERCINO;87;SMARTPHONE;13;73,22
TIM;30;MOVEL;1;SMARTSAVING;2;SC;18;MARACAJA;90;SMARTPHONE;13;37,44
TIM;30;MOVEL;1;SMARTSAVING;2;SC;18;MELEIRO;93;SMARTPHONE;13;37,44
TIM;30;MOVEL;1;SMARTSAVING;2;SC;18;MORRO DA FUMACA;94;SMARTPHONE;13;24,96
TIM;30;MOVEL;1;SMARTSAVING;2;SC;18;MORRO DA FUMACA;94;SMARTPHONE;13;37,44
TIM;30;MOVEL;1;SMARTSAVING;2;SC;18;MORRO DA FUMACA;94;SMARTPHONE;13;41,44
TIM;30;MOVEL;1;SMARTSAVING;2;SC;18;MORRO DA FUMACA;94;SMARTPHONE;13;44,1
TIM;30;MOVEL;1;SMARTSAVING;2;SC;18;MORRO GRANDE;95;SMARTPHONE;13;35,15
TIM;30;MOVEL;1;SMARTSAVING;2;SC;18;MORRO GRANDE;95;SMARTPHONE;13;44,1
TIM;30;MOVEL;1;SMARTSAVING;2;SC;18;NOVA TRENTO;97;SMARTPHONE;13;35,15
TIM;30;MOVEL;1;SMARTSAVING;2;SC;18;NOVA TRENTO;97;SMARTPHONE;13;44,1
TIM;30;MOVEL;1;SMARTSAVING;2;SC;18;NOVA VENEZA;98;SMARTPHONE;13;35,15
TIM;30;MOVEL;1;SMARTSAVING;2;SC;18;NOVA VENEZA;98;SMARTPHONE;13;36,53
TIM;30;MOVEL;1;SMARTSAVING;2;SC;18;NOVA VENEZA;98;SMARTPHONE;13;44,1
TIM;30;MOVEL;1;SMARTSAVING;2;SC;18;NOVA VENEZA;98;SMARTPHONE;13;91,66
TIM;30;MOVEL;1;SMARTSAVING;2;SC;18;NOVA VENEZA;98;SMARTPHONE;13;248,66
TIM;30;MOVEL;1;SMARTSAVING;2;SC;18;ORLEANS;100;SMARTPHONE;13;57
TIM;30;MOVEL;1;SMARTSAVING;2;SC;18;PALHOCA;101;SMARTPHONE;13;35,15
TIM;30;MOVEL;1;SMARTSAVING;2;SC;18;PALHOCA;101;SMARTPHONE;13;44,1
TIM;30;MOVEL;1;SMARTSAVING;2;SC;18;PASSO DE TORRES;104;SMARTPHONE;13;16,84
TIM;30;MOVEL;1;SMARTSAVING;2;SC;18;PASSO DE TORRES;104;SMARTPHONE;13;41,8
TIM;30;MOVEL;1;SMARTSAVING;2;SC;18;PASSO DE TORRES;104;SMARTPHONE;13;44,1
TIM;30;MOVEL;1;SMARTSAVING;2;SC;18;PASSO DE TORRES;104;SMARTPHONE;13;70,93
TIM;30;MOVEL;1;SMARTSAVING;2;SC;18;PAULO LOPES;105;SMARTPHONE;13;35,68
TIM;30;MOVEL;1;SMARTSAVING;2;SC;18;PAULO LOPES;105;SMARTPHONE;13;39,81
TIM;30;MOVEL;1;SMARTSAVING;2;SC;18;PEDRAS GRANDES;106;SMARTPHONE;13;44,1
TIM;30;MOVEL;1;SMARTSAVING;2;SC;18;PRAIA GRANDE;112;SMARTPHONE;13;35,15
TIM;30;MOVEL;1;SMARTSAVING;2;SC;18;PRAIA GRANDE;112;SMARTPHONE;13;37,58
TIM;30;MOVEL;1;SMARTSAVING;2;SC;18;RANCHO QUEIMADO;113;SMARTPHONE;13;35,15
TIM;30;MOVEL;1;SMARTSAVING;2;SC;18;RANCHO QUEIMADO;113;SMARTPHONE;13;37,44
TIM;30;MOVEL;1;SMARTSAVING;2;SC;18;RIO FORTUNA;118;SMARTPHONE;13;91,53
TIM;30;MOVEL;1;SMARTSAVING;2;SC;18;SANTA ROSA DE LIMA;123;SMARTPHONE;13;24,96
TIM;30;MOVEL;1;SMARTSAVING;2;SC;18;SANTA ROSA DO SUL;124;SMARTPHONE;13;24,96
TIM;30;MOVEL;1;SMARTSAVING;2;SC;18;SANTO AMARO DA IMPERATRIZ;128;SMARTPHONE;13;39,81
TIM;30;MOVEL;1;SMARTSAVING;2;SC;18;SANTO AMARO DA IMPERATRIZ;128;SMARTPHONE;13;44,1
TIM;30;MOVEL;1;SMARTSAVING;2;SC;18;SAO BONIFACIO;129;SMARTPHONE;13;35,15
TIM;30;MOVEL;1;SMARTSAVING;2;SC;18;SAO BONIFACIO;129;SMARTPHONE;13;37,44
TIM;30;MOVEL;1;SMARTSAVING;2;SC;18;SAO JOAO BATISTA;130;SMARTPHONE;13;35,15
TIM;30;MOVEL;1;SMARTSAVING;2;SC;18;SAO JOAO DO SUL;131;SMARTPHONE;13;35,15
TIM;30;MOVEL;1;SMARTSAVING;2;SC;18;SAO JOAO DO SUL;131;SMARTPHONE;13;37,44
TIM;30;MOVEL;1;SMARTSAVING;2;SC;18;SAO JOSE;133;SMARTPHONE;13;35,15
TIM;30;MOVEL;1;SMARTSAVING;2;SC;18;SAO LUDGERO;136;SMARTPHONE;13;35,15
TIM;30;MOVEL;1;SMARTSAVING;2;SC;18;SAO LUDGERO;136;SMARTPHONE;13;75,3
TIM;30;MOVEL;1;SMARTSAVING;2;SC;18;SAO MARTINHO;139;SMARTPHONE;13;44,1
TIM;30;MOVEL;1;SMARTSAVING;2;SC;18;SAO MARTINHO;139;SMARTPHONE;13;55,81
TIM;30;MOVEL;1;SMARTSAVING;2;SC;18;SAO PEDRO DE ALCANTRA;141;SMARTPHONE;13;35,15
TIM;30;MOVEL;1;SMARTSAVING;2;SC;18;SIDEROPOLIS;143;SMARTPHONE;13;38,59
TIM;30;MOVEL;1;SMARTSAVING;2;SC;18;SIDEROPOLIS;143;SMARTPHONE;13;44,1
TIM;30;MOVEL;1;SMARTSAVING;2;SC;18;SOMBRIO;145;IPAD;6;24,96
TIM;30;MOVEL;1;SMARTSAVING;2;SC;18;SOMBRIO;145;SMARTPHONE;13;73,22
TIM;30;MOVEL;1;SMARTSAVING;2;SC;18;TIJUCAS;151;IPAD;6;24,96
TIM;30;MOVEL;1;SMARTSAVING;2;SC;18;TIJUCAS;151;SMARTPHONE;13;35,15
TIM;30;MOVEL;1;SMARTSAVING;2;SC;18;TIMBE DO SUL;152;SMARTPHONE;13;35,15
TIM;30;MOVEL;1;SMARTSAVING;2;SC;18;TREZE DE MAIO;155;IPAD;6;24,96
TIM;30;MOVEL;1;SMARTSAVING;2;SC;18;TREZE DE MAIO;155;SMARTPHONE;13;35,15
TIM;30;MOVEL;1;SMARTSAVING;2;SC;18;TREZE DE MAIO;155;SMARTPHONE;13;35,28
TIM;30;MOVEL;1;SMARTSAVING;2;SC;18;TREZE DE MAIO;155;SMARTPHONE;13;37,44
TIM;30;MOVEL;1;SMARTSAVING;2;SC;18;TUBARAO;156;IPAD;6;24,96
TIM;30;MOVEL;1;SMARTSAVING;2;SC;18;TUBARAO;156;SMARTPHONE;13;44,1
TIM;30;MOVEL;1;SMARTSAVING;2;SC;18;TUBARAO;156;SMARTPHONE;13;48,18
TIM;30;MOVEL;1;SMARTSAVING;2;SC;18;TUBARAO;156;SMARTPHONE;13;49,92
TIM;30;MOVEL;1;SMARTSAVING;2;SC;18;TUBARAO;156;SMARTPHONE;13;57,13
TIM;30;MOVEL;1;SMARTSAVING;2;SC;18;TUBARAO;156;SMARTPHONE;13;91,67
TIM;30;MOVEL;1;SMARTSAVING;2;SC;18;TURVO;157;SMARTPHONE;13;28,63
TIM;30;MOVEL;1;SMARTSAVING;2;SC;18;TURVO;157;SMARTPHONE;13;35,15
TIM;30;MOVEL;1;SMARTSAVING;2;SC;18;TURVO;157;SMARTPHONE;13;57
TIM;30;MOVEL;1;SMARTSAVING;2;SC;18;URUPEMA;158;SMARTPHONE;13;35,15
TIM;30;MOVEL;1;SMARTSAVING;2;SC;18;URUSSANGA;159;SMARTPHONE;13;35,15
TIM;30;MOVEL;1;SMARTSAVING;2;SC;18;URUSSANGA;159;SMARTPHONE;13;37,44
TIM;30;MOVEL;1;SMARTSAVING;2;SC;18;URUSSANGA;159;SMARTPHONE;13;44,1
TIM;30;MOVEL;1;SMARTSAVING;2;SC;18;URUSSANGA;159;SMARTPHONE;13;49,17
TIM;30;MOVEL;1;SMARTSAVING;2;SP;19;CAMPINAS;47;SMARTPHONE;13;42,01
TIM;30;MOVEL;1;SMARTSAVING;2;TO;20;ABREULANDIA;2;SMARTPHONE;13;3,35
TIM;30;MOVEL;1;SMARTSAVING;2;TO;20;ABREULANDIA;2;SMARTPHONE;13;35,15
UNIFIQUE;31;DADOS;1;SMARTSAVING;1;SC;18;PALHOCA;101;LINK DEDICADO;9;1999
UNIFIQUE;31;DADOS;1;SMARTSAVING;2;SC;18;BLUMENAU;37;LINK DEDICADO;9;240
UNIFIQUE;31;DADOS;1;SMARTSAVING;2;SC;18;BLUMENAU;37;LINK DEDICADO;9;360
UNIFIQUE;31;DADOS;1;SMARTSAVING;2;SC;18;BRUSQUE;41;LINK DEDICADO;9;240
UNIFIQUE;31;DADOS;1;SMARTSAVING;2;SC;18;BRUSQUE;41;LINK DEDICADO;9;360
UNIFIQUE;31;DADOS;1;SMARTSAVING;2;SC;18;FLORIANOPOLIS;61;LINK DEDICADO;9;240
UNIFIQUE;31;DADOS;1;SMARTSAVING;2;SC;18;FLORIANOPOLIS;61;LINK DEDICADO;9;360
UNIFIQUE;31;DADOS;1;SMARTSAVING;2;SC;18;ITAJAI;74;LINK DEDICADO;9;240
UNIFIQUE;31;DADOS;1;SMARTSAVING;2;SC;18;ITAJAI;74;LINK DEDICADO;9;360
UNIFIQUE;31;DADOS;1;SMARTSAVING;2;SC;18;JARAGUA DO SUL;78;LINK DEDICADO;9;240
UNIFIQUE;31;DADOS;1;SMARTSAVING;2;SC;18;JARAGUA DO SUL;78;LINK DEDICADO;9;360
UNIFIQUE;31;DADOS;1;SMARTSAVING;2;SC;18;LAGES;81;LINK DEDICADO;9;240
UNIFIQUE;31;DADOS;1;SMARTSAVING;2;SC;18;LAGES;81;LINK DEDICADO;9;360
UNIFIQUE;31;DADOS;1;SMARTSAVING;2;SC;18;PALHOCA;101;LINK DEDICADO;9;240
UNIFIQUE;31;DADOS;1;SMARTSAVING;2;SC;18;PALHOCA;101;LINK DEDICADO;9;360
UNIFIQUE;31;DADOS;1;SMARTSAVING;2;SC;18;PALHOCA;101;LINK DEDICADO;9;1990
UNIFIQUE;31;DADOS;1;SMARTSAVING;2;SC;18;SAO JOSE;133;LAN TO LAN;7;100
UNIFIQUE;31;DADOS;1;SMARTSAVING;2;SC;18;SAO JOSE;133;LAN TO LAN;7;150
UNIFIQUE;31;DADOS;1;SMARTSAVING;2;SC;18;SAO JOSE;133;LINK DEDICADO;9;240
UNIFIQUE;31;DADOS;1;SMARTSAVING;2;SC;18;SAO JOSE;133;LINK DEDICADO;9;360
V+NET;32;DADOS;1;SMARTSAVING;2;SC;18;TUBARAO;156;LINK DEDICADO;9;216
V+NET;32;DADOS;1;SMARTSAVING;2;SC;18;TUBARAO;156;LINK DEDICADO;9;324
VIVO;33;DADOS;1;SMARTSAVING;2;AL;2;CAMPO GRANDE;48;GERENCIA E SUPERVISAO DE REDE;4;109,22
VIVO;33;DADOS;1;SMARTSAVING;2;AL;2;CAMPO GRANDE;48;LINK DEDICADO;9;273,06
VIVO;33;DADOS;1;SMARTSAVING;2;AL;2;CAMPO GRANDE;48;LINK DEDICADO;9;505,16
VIVO;33;DADOS;1;SMARTSAVING;2;AM;3;MANAUS;88;GERENCIA E SUPERVISAO DE REDE;4;43,69
VIVO;33;DADOS;1;SMARTSAVING;2;AM;3;MANAUS;88;GERENCIA E SUPERVISAO DE REDE;4;65,53
VIVO;33;DADOS;1;SMARTSAVING;2;AM;3;MANAUS;88;LINK DEDICADO;9;109,22
VIVO;33;DADOS;1;SMARTSAVING;2;AM;3;MANAUS;88;LINK DEDICADO;9;163,84
VIVO;33;DADOS;1;SMARTSAVING;2;AM;3;MANAUS;88;LINK DEDICADO;9;202,06
VIVO;33;DADOS;1;SMARTSAVING;2;AM;3;MANAUS;88;LINK DEDICADO;9;303,1
VIVO;33;DADOS;1;SMARTSAVING;2;MS;7;CAMPO GRANDE;48;ADSL;2;37,84
VIVO;33;DADOS;1;SMARTSAVING;2;MS;7;CAMPO GRANDE;48;ADSL;2;56,77
VIVO;33;DADOS;1;SMARTSAVING;2;MS;7;CAMPO GRANDE;48;GERENCIA E SUPERVISAO DE REDE;4;32
VIVO;33;DADOS;1;SMARTSAVING;2;MS;7;CAMPO GRANDE;48;GERENCIA E SUPERVISAO DE REDE;4;43,69
VIVO;33;DADOS;1;SMARTSAVING;2;MS;7;CAMPO GRANDE;48;GERENCIA E SUPERVISAO DE REDE;4;48
VIVO;33;DADOS;1;SMARTSAVING;2;MS;7;CAMPO GRANDE;48;GERENCIA E SUPERVISAO DE REDE;4;65,53
VIVO;33;DADOS;1;SMARTSAVING;2;MS;7;CAMPO GRANDE;48;LINK DEDICADO;9;40
VIVO;33;DADOS;1;SMARTSAVING;2;MS;7;CAMPO GRANDE;48;LINK DEDICADO;9;60
VIVO;33;DADOS;1;SMARTSAVING;2;MS;7;CAMPO GRANDE;48;LINK DEDICADO;9;60,58
VIVO;33;DADOS;1;SMARTSAVING;2;MS;7;CAMPO GRANDE;48;LINK DEDICADO;9;90,86
VIVO;33;DADOS;1;SMARTSAVING;2;MS;7;CAMPO GRANDE;48;LINK DEDICADO;9;109,22
VIVO;33;DADOS;1;SMARTSAVING;2;MS;7;CAMPO GRANDE;48;LINK DEDICADO;9;163,84
VIVO;33;DADOS;1;SMARTSAVING;2;MS;7;CAMPO GRANDE;48;LINK DEDICADO;9;188
VIVO;33;DADOS;1;SMARTSAVING;2;MS;7;CAMPO GRANDE;48;LINK DEDICADO;9;202,06
VIVO;33;DADOS;1;SMARTSAVING;2;MS;7;CAMPO GRANDE;48;LINK DEDICADO;9;282
VIVO;33;DADOS;1;SMARTSAVING;2;MS;7;CAMPO GRANDE;48;LINK DEDICADO;9;303,1
VIVO;33;DADOS;1;SMARTSAVING;2;MS;7;DOURADOS;57;GERENCIA E SUPERVISAO DE REDE;4;43,69
VIVO;33;DADOS;1;SMARTSAVING;2;MS;7;DOURADOS;57;GERENCIA E SUPERVISAO DE REDE;4;65,53
VIVO;33;DADOS;1;SMARTSAVING;2;MS;7;DOURADOS;57;LINK DEDICADO;9;109,22
VIVO;33;DADOS;1;SMARTSAVING;2;MS;7;DOURADOS;57;LINK DEDICADO;9;163,84
VIVO;33;DADOS;1;SMARTSAVING;2;MS;7;DOURADOS;57;LINK DEDICADO;9;202,06
VIVO;33;DADOS;1;SMARTSAVING;2;MS;7;DOURADOS;57;LINK DEDICADO;9;303,1
VIVO;33;DADOS;1;SMARTSAVING;2;MT;8;CACERES;43;GERENCIA E SUPERVISAO DE REDE;4;32
VIVO;33;DADOS;1;SMARTSAVING;2;MT;8;CACERES;43;GERENCIA E SUPERVISAO DE REDE;4;48
VIVO;33;DADOS;1;SMARTSAVING;2;MT;8;CACERES;43;LINK DEDICADO;9;40
VIVO;33;DADOS;1;SMARTSAVING;2;MT;8;CACERES;43;LINK DEDICADO;9;60
VIVO;33;DADOS;1;SMARTSAVING;2;MT;8;CACERES;43;LINK DEDICADO;9;188
VIVO;33;DADOS;1;SMARTSAVING;2;MT;8;CACERES;43;LINK DEDICADO;9;282
VIVO;33;DADOS;1;SMARTSAVING;2;MT;8;CUIABA;55;GERENCIA E SUPERVISAO DE REDE;4;32
VIVO;33;DADOS;1;SMARTSAVING;2;MT;8;CUIABA;55;GERENCIA E SUPERVISAO DE REDE;4;43,69
VIVO;33;DADOS;1;SMARTSAVING;2;MT;8;CUIABA;55;GERENCIA E SUPERVISAO DE REDE;4;48
VIVO;33;DADOS;1;SMARTSAVING;2;MT;8;CUIABA;55;GERENCIA E SUPERVISAO DE REDE;4;65,53
VIVO;33;DADOS;1;SMARTSAVING;2;MT;8;CUIABA;55;LINK DEDICADO;9;40
VIVO;33;DADOS;1;SMARTSAVING;2;MT;8;CUIABA;55;LINK DEDICADO;9;52,17
VIVO;33;DADOS;1;SMARTSAVING;2;MT;8;CUIABA;55;LINK DEDICADO;9;60
VIVO;33;DADOS;1;SMARTSAVING;2;MT;8;CUIABA;55;LINK DEDICADO;9;78,26
VIVO;33;DADOS;1;SMARTSAVING;2;MT;8;CUIABA;55;LINK DEDICADO;9;109,22
VIVO;33;DADOS;1;SMARTSAVING;2;MT;8;CUIABA;55;LINK DEDICADO;9;163,84
VIVO;33;DADOS;1;SMARTSAVING;2;MT;8;CUIABA;55;LINK DEDICADO;9;188
VIVO;33;DADOS;1;SMARTSAVING;2;MT;8;CUIABA;55;LINK DEDICADO;9;202,06
VIVO;33;DADOS;1;SMARTSAVING;2;MT;8;CUIABA;55;LINK DEDICADO;9;282
VIVO;33;DADOS;1;SMARTSAVING;2;MT;8;CUIABA;55;LINK DEDICADO;9;303,1
VIVO;33;DADOS;1;SMARTSAVING;2;MT;8;RONDONDOPOLIS;119;GERENCIA E SUPERVISAO DE REDE;4;43,69
VIVO;33;DADOS;1;SMARTSAVING;2;MT;8;RONDONDOPOLIS;119;GERENCIA E SUPERVISAO DE REDE;4;65,53
VIVO;33;DADOS;1;SMARTSAVING;2;MT;8;RONDONDOPOLIS;119;LINK DEDICADO;9;109,22
VIVO;33;DADOS;1;SMARTSAVING;2;MT;8;RONDONDOPOLIS;119;LINK DEDICADO;9;163,84
VIVO;33;DADOS;1;SMARTSAVING;2;MT;8;RONDONDOPOLIS;119;LINK DEDICADO;9;202,06
VIVO;33;DADOS;1;SMARTSAVING;2;MT;8;RONDONDOPOLIS;119;LINK DEDICADO;9;303,1
VIVO;33;DADOS;1;SMARTSAVING;2;MT;8;SINOP;144;GERENCIA E SUPERVISAO DE REDE;4;32
VIVO;33;DADOS;1;SMARTSAVING;2;MT;8;SINOP;144;GERENCIA E SUPERVISAO DE REDE;4;48
VIVO;33;DADOS;1;SMARTSAVING;2;MT;8;SINOP;144;LINK DEDICADO;9;40
VIVO;33;DADOS;1;SMARTSAVING;2;MT;8;SINOP;144;LINK DEDICADO;9;60
VIVO;33;DADOS;1;SMARTSAVING;2;MT;8;SINOP;144;LINK DEDICADO;9;188
VIVO;33;DADOS;1;SMARTSAVING;2;MT;8;SINOP;144;LINK DEDICADO;9;282
VIVO;33;DADOS;1;SMARTSAVING;2;MT;8;VARZEA GRANDE;160;GERENCIA E SUPERVISAO DE REDE;4;43,69
VIVO;33;DADOS;1;SMARTSAVING;2;MT;8;VARZEA GRANDE;160;GERENCIA E SUPERVISAO DE REDE;4;65,53
VIVO;33;DADOS;1;SMARTSAVING;2;MT;8;VARZEA GRANDE;160;LINK DEDICADO;9;109,22
VIVO;33;DADOS;1;SMARTSAVING;2;MT;8;VARZEA GRANDE;160;LINK DEDICADO;9;163,84
VIVO;33;DADOS;1;SMARTSAVING;2;MT;8;VARZEA GRANDE;160;LINK DEDICADO;9;202,06
VIVO;33;DADOS;1;SMARTSAVING;2;MT;8;VARZEA GRANDE;160;LINK DEDICADO;9;303,1
VIVO;33;DADOS;1;SMARTSAVING;2;PA;9;BELEM;34;GERENCIA E SUPERVISAO DE REDE;4;32
VIVO;33;DADOS;1;SMARTSAVING;2;PA;9;BELEM;34;GERENCIA E SUPERVISAO DE REDE;4;48
VIVO;33;DADOS;1;SMARTSAVING;2;PA;9;BELEM;34;LINK DEDICADO;9;40
VIVO;33;DADOS;1;SMARTSAVING;2;PA;9;BELEM;34;LINK DEDICADO;9;60
VIVO;33;DADOS;1;SMARTSAVING;2;PA;9;BELEM;34;LINK DEDICADO;9;188
VIVO;33;DADOS;1;SMARTSAVING;2;PA;9;BELEM;34;LINK DEDICADO;9;282
VIVO;33;DADOS;1;SMARTSAVING;2;PE;11;RECIFE;114;GERENCIA E SUPERVISAO DE REDE;4;32
VIVO;33;DADOS;1;SMARTSAVING;2;PE;11;RECIFE;114;GERENCIA E SUPERVISAO DE REDE;4;48
VIVO;33;DADOS;1;SMARTSAVING;2;PE;11;RECIFE;114;LINK DEDICADO;9;48
VIVO;33;DADOS;1;SMARTSAVING;2;PE;11;RECIFE;114;LINK DEDICADO;9;72
VIVO;33;DADOS;1;SMARTSAVING;2;PE;11;RECIFE;114;LINK DEDICADO;9;228
VIVO;33;DADOS;1;SMARTSAVING;2;PE;11;RECIFE;114;LINK DEDICADO;9;342
VIVO;33;DADOS;1;SMARTSAVING;2;PR;13;MARINGA;92;ADSL;2;75,72
VIVO;33;DADOS;1;SMARTSAVING;2;PR;13;MARINGA;92;ADSL;2;113,58
VIVO;33;DADOS;1;SMARTSAVING;2;PR;13;SAO JOSE DOS PINHAIS;135;LINK DEDICADO;9;52,13
VIVO;33;DADOS;1;SMARTSAVING;2;PR;13;SAO JOSE DOS PINHAIS;135;LINK DEDICADO;9;78,2
VIVO;33;DADOS;1;SMARTSAVING;2;SC;18;BALNEARIO CABORIU;28;GERENCIA E SUPERVISAO DE REDE;4;32
VIVO;33;DADOS;1;SMARTSAVING;2;SC;18;BALNEARIO CABORIU;28;GERENCIA E SUPERVISAO DE REDE;4;48
VIVO;33;DADOS;1;SMARTSAVING;2;SC;18;BALNEARIO CABORIU;28;LINK DEDICADO;9;40
VIVO;33;DADOS;1;SMARTSAVING;2;SC;18;BALNEARIO CABORIU;28;LINK DEDICADO;9;60
VIVO;33;DADOS;1;SMARTSAVING;2;SC;18;BALNEARIO CABORIU;28;LINK DEDICADO;9;188
VIVO;33;DADOS;1;SMARTSAVING;2;SC;18;BALNEARIO CABORIU;28;LINK DEDICADO;9;282
VIVO;33;DADOS;1;SMARTSAVING;2;SC;18;BLUMENAU;37;ADSL;2;45,66
VIVO;33;DADOS;1;SMARTSAVING;2;SC;18;BLUMENAU;37;ADSL;2;68,5
VIVO;33;DADOS;1;SMARTSAVING;2;SC;18;TUBARAO;156;LINK DEDICADO;9;294,23
VIVO;33;DADOS;1;SMARTSAVING;2;SC;18;TUBARAO;156;LINK DEDICADO;9;441,35
VIVO;33;DADOS;1;SMARTSAVING;2;SC;18;TUBARAO;156;ROTEADOR;12;294,28
VIVO;33;DADOS;1;SMARTSAVING;2;SC;18;TUBARAO;156;ROTEADOR;12;441,42
VIVO;33;FIXO;1;SMARTSAVING;2;MS;7;AGUA CLARA;6;LINHA ANALOGICA;8;17,21
VIVO;33;FIXO;1;SMARTSAVING;2;MS;7;AGUA CLARA;6;LINHA ANALOGICA;8;21,63
VIVO;33;FIXO;1;SMARTSAVING;2;MS;7;AGUA CLARA;6;LINHA ANALOGICA;8;25,82
VIVO;33;FIXO;1;SMARTSAVING;2;MS;7;AGUA CLARA;6;LINHA ANALOGICA;8;32,44
VIVO;33;FIXO;1;SMARTSAVING;2;MT;8;ACORIZAL;3;LINHA ANALOGICA;8;21,63
VIVO;33;FIXO;1;SMARTSAVING;2;MT;8;ACORIZAL;3;LINHA ANALOGICA;8;32,44
VIVO;33;FIXO;1;SMARTSAVING;2;PR;13;ADRIANOPOLIS;4;LINHA ANALOGICA;8;21,63
VIVO;33;FIXO;1;SMARTSAVING;2;PR;13;ADRIANOPOLIS;4;LINHA ANALOGICA;8;32,44
VIVO;33;FIXO;1;SMARTSAVING;2;PR;13;ALTONIA;14;LINHA ANALOGICA;8;20,83
VIVO;33;FIXO;1;SMARTSAVING;2;PR;13;ALTONIA;14;LINHA ANALOGICA;8;31,24
VIVO;33;FIXO;1;SMARTSAVING;2;SC;18;BARRA VELHA;31;LINHA ANALOGICA;8;10
VIVO;33;FIXO;1;SMARTSAVING;2;SC;18;BARRA VELHA;31;LINHA ANALOGICA;8;14,99
WALDEMAR - NET BIOS;34;DADOS;1;SMARTSAVING;2;MS;7;PONTA PORA;108;LINK DEDICADO;9;480
WALDEMAR - NET BIOS;34;DADOS;1;SMARTSAVING;2;MS;7;PONTA PORA;108;LINK DEDICADO;9;720
WKVE TELECOM;35;DADOS;1;SMARTSAVING;2;PA;9;PARAUAPEBAS;103;LINK DEDICADO;9;80
WKVE TELECOM;35;DADOS;1;SMARTSAVING;2;PA;9;PARAUAPEBAS;103;LINK DEDICADO;9;119,99
YIPI TELECOM;36;DADOS;1;SMARTSAVING;2;AM;3;MANAUS;88;LINK DEDICADO;9;352,8
YIPI TELECOM;36;DADOS;1;SMARTSAVING;2;AM;3;MANAUS;88;LINK DEDICADO;9;529,19
YIPI TELECOM;36;DADOS;1;SMARTSAVING;2;RR;16;BOA VISTA;38;LINK DEDICADO;9;352,8
YIPI TELECOM;36;DADOS;1;SMARTSAVING;2;RR;16;BOA VISTA;38;LINK DEDICADO;9;529,19
